split,sample_id,total_paragraphs,kept_paragraphs,paragraph_index,clip_score,sbert_score,reason,text
train,0,6,5,1,0.1422,0.6948,CLIP=0.1422<0.2,"The Unknown Soldier is engaged in an intense battle, facing off against a enemy soldier. This opponent is dressed in a white uniform, creating a stark contrast with the hero. The combat takes place against a backdrop of chaos, with explosions and fire visible, suggesting a larger-scale conflict."
train,3,6,5,1,0.1999,0.5232,CLIP=0.1999<0.2,"In the foreground, we see a man with glasses who seems to be deep in thought or concentration. He's positioned in front of a green wall with a black door, suggesting he might be in some sort of secure or restricted area."
train,12,6,5,3,0.1931,0.5121,CLIP=0.1931<0.2,"The background features a green wall on the left side, adorned with a window covered by yellow blinds. On the right, a red wall displays a white-framed picture, adding to the office's decor."
train,17,7,6,3,0.1982,0.4829,CLIP=0.1982<0.2,"Behind the man, we can see a yellow door, which adds to the color palette of the illustration. The room is mostly shrouded in darkness, creating a sense of mystery and secrecy."
train,30,6,5,2,0.1852,0.5232,CLIP=0.1852<0.2,"In the background, there's a larger, more ominous-looking building. It's black with a blue roof and features a chimney, adding depth and contrast to the scene. The sky is a clear blue, suggesting a bright, sunny day."
train,40,6,4,1,0.1757,0.8246,CLIP=0.1757<0.2,"In the foreground, we see two hands engaged in a close-up interaction. The left hand is positioned palm-up, with fingers slightly curled. This hand appears to belong to a woman, as evidenced by the long, blue-painted fingernails."
train,40,6,4,2,0.1536,0.8246,CLIP=0.1536<0.2,"The right hand is gently placed on top of the left hand, suggesting a moment of connection or revelation. This hand is also adorned with blue nail polish, indicating it likely belongs to the same woman."
train,42,5,4,1,0.1856,0.6147,CLIP=0.1856<0.2,"In the foreground, we see two men engaged in a heated conversation. One man, dressed in a brown uniform with a matching hat, is walking away from the other. The second man, also in uniform but wearing a cap, is facing the first and seems to be speaking urgently."
train,51,7,6,3,0.1948,0.5317,CLIP=0.1948<0.2,"Behind the bent-over man, we can see a crowd of people. They're wearing various colored shirts - red, green, and blue - which helps to distinguish individual figures in the group."
train,59,6,5,2,0.1961,0.6232,CLIP=0.1961<0.2,"Behind him, there's another man who appears to be in distress. He's wearing a blue outfit and seems to be holding something, possibly a bag or briefcase. His posture and the way he's being held at gunpoint indicate he's been kidnapped or is being强迫 to do something against his will."
train,60,6,5,2,0.1996,0.6232,CLIP=0.1996<0.2,"Behind him, there's another man who appears to be in distress. He's wearing a blue outfit and seems to be holding something, possibly a bag or briefcase. His posture and the way he's being held at gunpoint indicate he's been kidnapped or is being强迫 to do something against his will."
train,61,6,5,4,0.1755,0.3196,CLIP=0.1755<0.2,"The background is dark, with a gray wall and a black shadowy area, creating a moody atmosphere. The color palette is typical of the era, featuring bold primary colors like yellow and red contrasted with darker tones."
train,65,4,3,2,0.1756,0.5907,CLIP=0.1756<0.2,"Behind the red building, a blue structure is partially visible, providing a contrasting backdrop and adding to the urban setting. The composition effectively uses color and positioning to create a sense of depth and activity in the scene."
train,74,6,5,3,0.16,0.3852,CLIP=0.1600<0.2,"The background features a red wall with a yellow door, and a large window with a grid pattern. This architectural detail contributes to the industrial or scientific feel of the environment."
train,75,6,5,3,0.1538,0.3852,CLIP=0.1538<0.2,"The background features a red wall with a yellow door, and a large window with a grid pattern. This architectural detail contributes to the industrial or scientific feel of the environment."
train,79,6,5,1,0.1961,0.576,CLIP=0.1961<0.2,"In the foreground, we see two main characters. On the left is a man with blonde hair, dressed in a green sweater vest over a white shirt. He's wearing gray pants and a tie, giving him a smart, professional appearance. The man is leaning against a green fence or railing, his posture suggesting he's deep in thought or observing something intently."
train,80,6,4,1,0.1879,0.576,CLIP=0.1879<0.2,"In the foreground, we see two main characters. On the left is a man with blonde hair, dressed in a green sweater vest over a white shirt. He's wearing gray pants and a tie, giving him a smart, professional appearance. The man is leaning against a green fence or railing, his posture suggesting he's deep in thought or observing something intently."
train,80,6,4,2,0.145,0.576,CLIP=0.1450<0.2,"To his right stands a woman with striking blue hair, wearing a red dress. Her bold color choices make her stand out against the backdrop. She seems to be engaged in conversation with the man, her body language open and friendly."
train,85,6,3,1,0.1569,0.6485,CLIP=0.1569<0.2,"In the foreground, we see three soldiers in close detail. The first soldier on the left is holding his hands to his face, appearing to be crying or distressed. Next to him, the second soldier is holding a baton, suggesting a position of authority or readiness for action. The third soldier is pointing, possibly directing attention or giving orders."
train,85,6,3,2,0.1992,0.5656,CLIP=0.1992<0.2,"To the left of the soldiers, there's a white telephone with a black cord. This detail adds to the wartime setting, as communication would have been crucial during this period."
train,85,6,3,4,0.1519,0.6485,CLIP=0.1519<0.2,"The artist has used body language effectively to convey the emotional weight of the scene. The crying soldier, the authoritative stance of the baton-wielding soldier, and the pointing soldier all contribute to a sense of tension and urgency."
train,95,6,3,1,0.1852,0.7034,CLIP=0.1852<0.2,"In the foreground, we see a group of soldiers engaged in combat. They're wearing gray uniforms with brown hats, and some are also sporting brown pants. These soldiers are armed with rifles and are actively firing at enemy combatants."
train,95,6,3,2,0.1749,0.6938,CLIP=0.1749<0.2,"The enemy forces appear to be dressed in gray hooded outfits, making them blend into the background. They're wielding black axes and seem to be in retreat, fleeing from the advancing friendly forces."
train,95,6,3,3,0.1826,0.7034,CLIP=0.1826<0.2,"The action is intense, with smoke and dust rising from the battlefield, adding to the chaotic atmosphere. The soldiers' postures vary - some are standing and aiming their rifles, while others are crouched or lying on the ground, possibly injured or taking cover."
train,101,6,5,4,0.1884,0.3909,CLIP=0.1884<0.2,"In the foreground, there's a green box or container, which could be important to the plot or simply part of the room's decor."
train,112,5,2,0,0.1855,0.6709,CLIP=0.1855<0.2,"The panel depicts a lively scene from a classic golden age American comic book. At the center of the action is a dashing hero, likely wearing a tight-fitting costume in bold colors such as red, blue, or yellow. He's captured mid-leap, his body arched gracefully as he leaps over a perilous obstacle or perhaps a group of villainous henchmen."
train,112,5,2,2,0.1789,0.5304,CLIP=0.1789<0.2,"In the background, we can see a chaotic scene unfolding. There might be a crowd of worried citizens, their faces etched with fear or concern. Perhaps there's a cityscape visible, with tall buildings or skyscrapers silhouetted against a dramatic sky. The atmosphere is charged with tension and excitement, perfectly capturing the essence of a high-stakes comic book adventure."
train,112,5,2,4,0.195,0.6709,CLIP=0.1950<0.2,"This single panel encapsulates the excitement and drama that made golden age comics so beloved, showcasing the hero's bravery and the perilous situations he finds himself in. It's a snapshot of a world where ordinary people can become extraordinary heroes, saving the day with their incredible abilities."
train,114,6,5,4,0.1642,0.5921,CLIP=0.1642<0.2,"In the background, we can see part of another building with a yellow facade and a red chimney, as well as a street lamp, further setting the urban environment."
train,115,6,5,4,0.1484,0.5921,CLIP=0.1484<0.2,"In the background, we can see part of another building with a yellow facade and a red chimney, as well as a street lamp, further setting the urban environment."
train,120,5,4,2,0.1831,0.6926,CLIP=0.1831<0.2,"To the right, we see another man who appears to be in a position of authority. He's also dressed in a blue military uniform, but his hat has a distinctive yellow emblem on the front, possibly indicating a higher rank or specific division. This man is smiling, which contrasts sharply with the other character's expression. He's pointing upwards with his right index finger, as if making a point or emphasizing a statement."
train,130,6,4,1,0.1823,0.5031,CLIP=0.1823<0.2,"The setting is a nighttime urban environment. The main character is standing on a yellow brick sidewalk, his back to the viewer. He's pointing his gun at a red truck parked on the street. The truck has ""U.S. Army"" written on its side, suggesting it might be a repurposed military vehicle."
train,130,6,4,2,0.199,0.4023,CLIP=0.1990<0.2,"In the background, we can see a large black car with a pink roof, adding to the noir atmosphere of the scene. There's also a small gray building with a red door and a window, which could be the hideout mentioned in the dialogue."
train,134,7,6,3,0.1815,0.4181,CLIP=0.1815<0.2,"Adding to the chaos of the scene, there's a green pole visible in the foreground. This could be a streetlight or some other urban fixture that's been affected by the accident."
train,136,6,5,4,0.1719,0.3667,CLIP=0.1719<0.2,"The setting appears to be an alleyway, with a green brick wall visible in the background. This urban environment adds to the sense of a crime or accident scene."
train,138,6,5,4,0.1959,0.4929,CLIP=0.1959<0.2,"The scene is set at night, which adds to the dramatic atmosphere. The dark sky contrasts with the brightly colored characters and buildings, creating a visually striking composition."
train,140,5,4,2,0.1306,0.5588,CLIP=0.1306<0.2,"In the foreground, a yellow car is parked on the street below, adding to the urban setting of the scene. The street itself is rendered in white, contrasting with the blue sidewalk and the yellow building across from the rooftop. This color palette is typical of the vibrant, bold hues used in golden age comics."
train,148,6,5,1,0.1996,0.513,CLIP=0.1996<0.2,"In the foreground, we see two main characters. On the left is a bald man with a green suit and yellow collar. He's holding a long rod, which he's pointing towards his opponent. This character appears to be in a defensive or aggressive stance, depending on his intentions."
train,152,7,6,2,0.1831,0.3204,CLIP=0.1831<0.2,"The setting appears to be outdoors, with a greenish-blue background that could represent sky or foliage. The ground beneath them is a light brown color, possibly dirt or sand."
train,156,7,6,3,0.186,0.2517,CLIP=0.1860<0.2,"In the lower left corner, we can see some buildings, which helps establish the setting as an urban environment."
train,157,6,5,2,0.1995,0.5734,CLIP=0.1995<0.2,"Behind the officers, a red car is partially visible, adding to the sense of action and movement in the scene."
train,161,7,6,1,0.1641,0.5483,CLIP=0.1641<0.2,"On the left side, we see a close-up of a man's face. He appears to be a high-ranking naval officer, evidenced by his blue hat adorned with a gold anchor emblem. His expression is one of concern or determination, suggesting he's deep in thought or preparing for an important moment."
train,170,12,11,7,0.1998,0.5425,CLIP=0.1998<0.2,- Black lines representing wind or motion
train,171,12,10,6,0.1902,0.5425,CLIP=0.1902<0.2,"- A yellow line behind the flying characters, indicating their movement through the air"
train,171,12,10,7,0.188,0.5425,CLIP=0.1880<0.2,- Black lines representing wind or motion
train,177,6,5,4,0.1859,0.4838,CLIP=0.1859<0.2,"The background features a yellow wall, which contrasts nicely with the other colors in the room. The ceiling is also yellow, creating a warm and inviting atmosphere."
train,178,6,5,2,0.1954,0.6747,CLIP=0.1954<0.2,"On the floor, we can see another character lying down. This figure is dressed in a blue costume, creating a visual contrast with the superhero. The blue-clad character appears to be in distress, with their hands covering their face. This posture suggests they might be reacting to something shocking or upsetting that has occurred."
train,180,6,5,4,0.1905,0.4188,CLIP=0.1905<0.2,"The background's warm orange tone adds to the dramatic atmosphere, possibly symbolizing the intensity of the situation or the time of day."
train,187,5,4,3,0.1926,0.5176,CLIP=0.1926<0.2,"The vise itself is a formidable piece of equipment, with a yellow base and a black vise grip. The operator is using a long handle to turn the vise, suggesting they're in the process of securing or manipulating something."
train,191,6,3,2,0.1581,0.5842,CLIP=0.1581<0.2,"The setting is rich with detail. To the right of the door, there's a blue brick wall, adding texture and depth to the background. A wooden post stands in front of this wall, its purpose unclear but adding to the scene's atmosphere."
train,191,6,3,3,0.1751,0.5147,CLIP=0.1751<0.2,"Behind the man, a wooden table is visible, suggesting this could be a workspace or tool shed. The floor is a light tan color, contrasting with the darker elements of the scene."
train,191,6,3,4,0.1608,0.5842,CLIP=0.1608<0.2,"The composition is dynamic, with the man as the focal point, creating a sense of tension and anticipation. The red door behind him adds a pop of color and draws the eye, while the blue wall provides a cool contrast."
train,201,5,4,3,0.1885,0.3705,CLIP=0.1885<0.2,"The background is dark, suggesting a night scene or a dimly lit interior. There's a window visible, and it appears to have been struck by something, as evidenced by a black spiky shape on its surface."
train,202,5,4,2,0.1741,0.5711,CLIP=0.1741<0.2,"The green car from which the creature is emerging adds to the scene's dynamic nature. It appears to be in motion, with lines indicating speed and a cloud of dust or smoke surrounding it. This creates a sense of urgency and action, as if the creature has just burst from the vehicle in pursuit of the man."
train,209,5,4,1,0.1891,0.6544,CLIP=0.1891<0.2,"The setting appears to be some kind of public space or event, as evidenced by the crowd of onlookers visible in the background. These spectators are dressed in various colors, including blue, green, and orange, and many are wearing hats. Their expressions and body language suggest they're watching the superhero's feat with a mix of awe and curiosity."
train,214,10,8,3,0.163,0.7223,CLIP=0.1630<0.2,"The alley itself is richly detailed, with several objects that add to the urban setting:"
train,214,10,8,8,0.1792,0.6221,CLIP=0.1792<0.2,"The artist has skillfully used shadows and lighting to enhance the sense of movement and tension. The dark background of the alley contrasts sharply with the illuminated figures and objects, drawing the viewer's eye to the central action."
train,215,7,6,2,0.1853,0.3445,CLIP=0.1853<0.2,"The man's muscular arms are prominently displayed, emphasizing his strength and readiness for action. He appears to be shirtless, further highlighting his robust physique."
train,216,7,6,2,0.1992,0.3445,CLIP=0.1992<0.2,"The man's muscular arms are prominently displayed, emphasizing his strength and readiness for action. He appears to be shirtless, further highlighting his robust physique."
train,217,7,6,2,0.1882,0.5165,CLIP=0.1882<0.2,"To the right stands a police officer in a blue uniform, complete with a blue hat featuring a gold badge. The officer is shown in a salute position, with his right arm raised to his forehead. His left arm is hanging by his side, and he's wearing a white shirt with a black tie underneath his uniform jacket."
train,221,5,4,1,0.1959,0.6168,CLIP=0.1959<0.2,"In the foreground, we see two main characters. On the left is a man with blonde hair, dressed in a blue suit. He's holding a green jacket in his right hand and seems to be engaged in conversation with the other character."
train,223,6,5,3,0.1865,0.3065,CLIP=0.1865<0.2,"The background of the scene is divided into two distinct areas. On one side, there's a blue wall with black spots, creating an intriguing texture. On the other side, we see a black wall with a yellow stripe, adding contrast and visual interest to the composition."
train,228,5,3,2,0.1765,0.2811,CLIP=0.1765<0.2,"The building they're approaching is quite impressive. It features a grand entrance with a large green door and a porch supported by green pillars. The windows are also green, adding to the building's distinctive appearance. A stone walkway leads up to the entrance, bordered by green bushes and grass."
train,228,5,3,3,0.1891,0.361,CLIP=0.1891<0.2,"The night sky is visible, with a full moon shining brightly, casting an eerie glow over the scene. This moonlight adds to the dramatic effect of the illustration."
train,240,6,5,3,0.1922,0.3932,CLIP=0.1922<0.2,"The background features a large window with red curtains, through which we can see a blue sky. This creates an interesting contrast with the ominous atmosphere inside the room."
train,241,6,4,2,0.186,0.5819,CLIP=0.1860<0.2,"To the right, another woman is visible. She's also blonde and is wearing an orange dress. Unlike the other two, she's facing away from the scene, perhaps unaware of the tension unfolding behind her."
train,241,6,4,3,0.1765,0.3932,CLIP=0.1765<0.2,"The background features a large window with red curtains, through which we can see a blue sky. This creates an interesting contrast with the ominous atmosphere inside the room."
train,262,8,7,1,0.1731,0.481,CLIP=0.1731<0.2,"In the foreground, we see a partially visible character, likely the police chief. Only their hand and a portion of their arm are visible, suggesting they are in the midst of an action sequence. The character's hand appears to be gripping something, possibly a weapon or a clue related to the mystery at hand."
train,266,7,6,1,0.1842,0.6934,CLIP=0.1842<0.2,"In the foreground, we see two men engaged in a conversation. The first man, with blonde hair, is wearing a green suit. He's standing and looking towards the other man, who is entering the room through the green door."
train,282,7,6,4,0.1923,0.4055,CLIP=0.1923<0.2,"The background shows a window with a red curtain, suggesting an interior setting like a train car or cabin. The night sky is visible through the window, emphasizing the isolated or secretive nature of the scene."
train,286,6,4,1,0.1566,0.5962,CLIP=0.1566<0.2,"The man on the left is wearing a blue suit with a white shirt and a red bow tie. He's holding a gun in his right hand and appears to be looking off to the side, his posture suggesting alertness or concern."
train,286,6,4,2,0.1805,0.5962,CLIP=0.1805<0.2,"Standing next to him is another man in an orange suit with a white shirt and blue tie. He's leaning against a railing, his left hand thoughtfully placed on his chin. This man is looking directly at the first, his expression serious and contemplative."
train,287,6,5,3,0.1658,0.348,CLIP=0.1658<0.2,"The background features a staircase leading upwards, with a pink wall visible. There's also a green object that could be a door or a window, adding depth to the setting."
train,301,9,8,5,0.1969,0.4637,CLIP=0.1969<0.2,"On the table, there are two red coffee cups with saucers, adding to the casual yet serious atmosphere of the scene. A pencil is also visible, possibly indicating that some form of planning or note-taking is taking place."
train,310,5,4,2,0.1879,0.46,CLIP=0.1879<0.2,"The background adds to the urban atmosphere of the scene. A green house with a black roof stands out against the night sky, its windows glowing with light. Behind it, two large buildings loom - one blue and one purple - creating a stark contrast with the dark surroundings."
train,311,5,4,3,0.1736,0.7243,CLIP=0.1736<0.2,"A street lamp on the dock emits a warm yellow light, casting long shadows and adding to the dramatic mood of the illustration. The water around the speedboat is depicted with blue and black swirls, emphasizing the sense of movement and urgency in the scene."
train,314,6,5,1,0.1974,0.4366,CLIP=0.1974<0.2,"In the foreground, we see two main figures. On the left, there's a man with blonde hair and a beard, dressed in a purple suit. He's positioned with his back to the viewer, but his head is turned to the right, suggesting he's deep in thought or concerned about something."
train,326,8,7,4,0.1905,0.5763,CLIP=0.1905<0.2,"The scene is further dramatized by the presence of a large, partially submerged tunnel entrance in the sand. This adds an element of mystery and potential danger to the setting."
train,333,6,4,3,0.1776,0.6192,CLIP=0.1776<0.2,"The background is rich with detail. There's a green hill, adding depth to the scene. A black tower with a crane and a hook is visible, suggesting an industrial or construction setting. This could indicate that Mr. Whiskers is swinging over a cityscape or a work site."
train,333,6,4,5,0.1929,0.6997,CLIP=0.1929<0.2,"This panel effectively conveys the action-packed nature of the story, showcasing Mr. Whiskers in the midst of an adventure. The combination of the superhero's dynamic pose, the mysterious purple sky, and the detailed background elements all work together to create an engaging and thrilling comic book scene."
train,335,6,4,0,0.2976,0.8591,SBERT=0.8591>0.85,"This panel from a golden age American comic book depicts a dramatic scene unfolding. The background is a vibrant yellow, typical of the vibrant color palette used in comics of that era."
train,335,6,4,4,0.2883,0.8591,SBERT=0.8591>0.85,"The panel's layout is dynamic, with the characters arranged to create tension and draw the reader's eye to the central action. The yellow background enhances the dramatic atmosphere, typical of the bold, eye-catching style of golden age comics."
train,351,6,5,2,0.1395,0.5965,CLIP=0.1395<0.2,"The man's face is rendered with great detail, showing individual strands of his thick beard and the texture of his skin. The contrast between his pale face and the darker tones of his hat and the background creates a striking visual effect."
train,352,6,5,1,0.1934,0.6215,CLIP=0.1934<0.2,"On the left side, we see a close-up of an older man's face. He has a full white beard and mustache, giving him a wise and weathered appearance. The man is wearing a gray cowboy hat, which adds to his rugged, possibly western-themed persona. His expression is serious, suggesting he's deep in thought or facing a significant moment in the story."
train,356,6,5,2,0.1993,0.5168,CLIP=0.1993<0.2,"In the background, we can see a red barn, which adds to the rural, countryside setting. The sky is blue, creating a stark contrast with the darker elements in the scene."
train,363,5,4,3,0.1732,0.7347,CLIP=0.1732<0.2,"The scene is set against a backdrop of blue sky, which contrasts sharply with the red of the car and the black of the surrounding elements. This color palette enhances the dynamic feel of the chase."
train,368,6,5,3,0.1865,0.5797,CLIP=0.1865<0.2,"In the background, we can see the silhouette of a person being thrown into the air. This dynamic element adds to the sense of action and conflict in the scene. The figure is rendered as a dark shape against the blue sky, emphasizing the dramatic nature of the moment."
train,370,8,5,0,0.2523,0.8563,SBERT=0.8563>0.85,This panel is a classic example of a golden age American comic book illustration. The scene depicts a whimsical and surreal scenario that captures the spirit of early superhero comics.
train,370,8,5,3,0.1829,0.6931,CLIP=0.1829<0.2,"The bicycle, while not fully visible, is clearly being ridden by the superhero. We can see the handlebars and part of the frame, suggesting motion and speed. This unusual combination of a superhero with a bicycle adds a playful and unconventional element to the scene."
train,370,8,5,7,0.2375,0.8563,SBERT=0.8563>0.85,"Overall, this panel exemplifies the style of golden age comics with its bold colors, exaggerated poses, and humorous scenarios. It's a perfect representation of the fun and imaginative storytelling that characterized these early superhero publications."
train,371,7,6,3,0.1607,0.3116,CLIP=0.1607<0.2,"The background is divided into two distinct sections. On the left, there's a dark area, possibly representing a night sky or a shadowy building. On the right, we see a lighter blue area, which could be the sky or a nearby body of water."
train,373,6,4,1,0.182,0.4688,CLIP=0.1820<0.2,"In the foreground, we see a large tree with a thick trunk and sturdy branches. The tree serves as a focal point, drawing the viewer's eye into the scene."
train,373,6,4,2,0.1431,0.5227,CLIP=0.1431<0.2,"The main action centers around a red car, which appears to be in the midst of an exciting chase or escape. The car is climbing a steep hill, adding a sense of urgency and drama to the scene. In the driver's seat, we can see a man, likely the protagonist of the story, piloting the vehicle with skill and determination."
train,381,8,7,2,0.1805,0.5494,CLIP=0.1805<0.2,"In the foreground, we see two men in profile view. They are both wearing short-sleeved shirts and have dark hair. The man on the left is seated at a table, his posture suggesting deep concentration or thought. The man on the right is standing, leaning forward with his hand resting on the table. His body language indicates a sense of urgency or concern."
train,382,8,7,2,0.1892,0.5494,CLIP=0.1892<0.2,"In the foreground, we see two men in profile view. They are both wearing short-sleeved shirts and have dark hair. The man on the left is seated at a table, his posture suggesting deep concentration or thought. The man on the right is standing, leaning forward with his hand resting on the table. His body language indicates a sense of urgency or concern."
train,383,6,5,2,0.1896,0.5294,CLIP=0.1896<0.2,"To his right are three other men, also dressed formally. They seem to be listening intently to the speaker, their expressions serious and focused. Their body language indicates they're deeply concerned about whatever topic is being discussed."
train,386,9,7,4,0.1899,0.4326,CLIP=0.1899<0.2,"3. A woman with short brown hair, wearing a pink shirt and white jacket. She's also focused on the conversation."
train,386,9,7,5,0.1758,0.4998,CLIP=0.1758<0.2,"The background includes a white wall with a brown picture frame, adding to the room's medical or institutional feel."
train,387,9,5,1,0.1991,0.4998,CLIP=0.1991<0.2,"The scene takes place in what appears to be a medical office or hospital room. In the foreground, we see three main characters:"
train,387,9,5,3,0.1982,0.7573,CLIP=0.1982<0.2,"2. A man with slicked-back black hair, dressed in a blue suit jacket, white shirt, and red tie. He's listening intently to the man with the baby."
train,387,9,5,4,0.1487,0.4326,CLIP=0.1487<0.2,"3. A woman with short brown hair, wearing a pink shirt and white jacket. She's also focused on the conversation."
train,387,9,5,5,0.185,0.4998,CLIP=0.1850<0.2,"The background includes a white wall with a brown picture frame, adding to the room's medical or institutional feel."
train,392,7,6,4,0.1833,0.3501,CLIP=0.1833<0.2,"The background is filled with various scientific instruments and machinery, including what looks like a large wheel or gear, a table with a lamp, and a desk with a computer. There's also a window visible, showing a night sky with a moon, which adds to the dramatic atmosphere."
train,403,6,5,3,0.1473,0.3689,CLIP=0.1473<0.2,"The setting appears to be outdoors, with a light blue sky visible in the background. There's a dark area in the distance, which could be the silhouette of a building or some other landmark, adding depth to the scene."
train,404,6,5,3,0.1977,0.516,CLIP=0.1977<0.2,"The background is a deep, dark blue representing the night sky, dotted with white stars that add depth and atmosphere to the scene. This starry expanse contrasts beautifully with the bright orange celestial body and the colorful costumes of the heroes."
train,414,6,5,4,0.1907,0.5666,CLIP=0.1907<0.2,"The composition is dynamic, with the characters arranged to create a sense of interaction and tension. The blue wall and white window frame provide a stark contrast to the colorful characters, drawing the viewer's eye to the action in the foreground."
train,417,8,7,5,0.1983,0.4626,CLIP=0.1983<0.2,"On the ground, there's a brown suitcase, suggesting a scene of mystery or perhaps a crime in progress. Next to it lies a man in a brown suit and hat, appearing to be unconscious or dead. This adds to the intrigue and potential for a dramatic plot twist."
train,418,5,4,1,0.1879,0.3591,CLIP=0.1879<0.2,"The background showcases a city skyline with tall buildings silhouetted against a vibrant sky. A large orange sun or moon dominates the upper right corner, casting a warm glow over the scene. The sky transitions from yellow on the left to purple on the right, adding to the dramatic atmosphere."
train,420,9,8,6,0.199,0.588,CLIP=0.1990<0.2,"This dialogue reveals a significant tension in their relationship. The woman is dreaming of a more stable, settled life, while George is struggling with financial constraints. It's a relatable theme that many readers would have found共鸣 with during that time period."
train,432,6,5,2,0.153,0.3234,CLIP=0.1530<0.2,"In the background, we can see a cityscape with tall buildings and skyscrapers, creating a sense of urban energy. There's a fire hydrant visible, adding to the city atmosphere."
train,434,8,6,1,0.1936,0.5924,CLIP=0.1936<0.2,"In the foreground, we see two men engaged in conversation. On the left is an older gentleman with gray hair and glasses, dressed in a red suit with a white shirt and black tie. He's seated at a table, gesturing as he speaks. In his hand, he's holding a piece of paper, which could be a document or a letter."
train,434,8,6,2,0.1856,0.5924,CLIP=0.1856<0.2,"To his right is a younger man with blonde hair, wearing a blue suit and a white shirt. He's also seated at the table, listening attentively to the older man."
train,440,6,5,1,0.1959,0.7182,CLIP=0.1959<0.2,"In the foreground, we see two men engaged in conversation. One is a white man with short brown hair, wearing a gray suit. He seems to be the focus of the action, as he's speaking to the other man."
train,442,7,5,1,0.1999,0.5207,CLIP=0.1999<0.2,"In the foreground, we see three distinct characters engaged in what appears to be an intense conversation. On the left is a figure dressed entirely in white, including a white mask, giving him an eerie, ghostly appearance. He seems to be the focus of attention, as the other two characters are speaking to him."
train,442,7,5,3,0.1898,0.5207,CLIP=0.1898<0.2,"The third character, positioned in the center, is harder to make out. He's also wearing a dark jacket, but his features are less defined, possibly due to shadows or his positioning."
train,458,7,6,3,0.1902,0.5338,CLIP=0.1902<0.2,"The composition is dynamic, with the man's figure dominating the foreground and the contrasting background elements creating depth and visual interest."
train,470,6,5,2,0.1451,0.4263,CLIP=0.1451<0.2,"The background showcases a picturesque countryside. There's a grassy hill with a few trees, including one with a brown trunk and green leaves. The sky is blue with white clouds, creating a peaceful atmosphere."
train,471,6,5,3,0.174,0.3473,CLIP=0.1740<0.2,"To the left of the scene, there's a white structure that looks like a building or house. This provides some context for the setting, suggesting the action is taking place in a residential area."
train,472,6,5,3,0.1474,0.3473,CLIP=0.1474<0.2,"To the left of the scene, there's a white structure that looks like a building or house. This provides some context for the setting, suggesting the action is taking place in a residential area."
train,473,6,5,3,0.1695,0.4979,CLIP=0.1695<0.2,"The setting is rich with detail. The dirt road winds through what appears to be a countryside landscape. In the background, there are trees and bushes, adding depth and context to the scene. The sky is a clear blue, dotted with white clouds, creating a pleasant and inviting atmosphere."
train,474,6,5,2,0.1646,0.3963,CLIP=0.1646<0.2,"The setting appears to be at night, as evidenced by the dark sky and the use of red stars to represent streetlights or other light sources in the distance. This nighttime backdrop adds to the dramatic atmosphere of the scene."
train,477,7,5,2,0.1788,0.4627,CLIP=0.1788<0.2,"To the left of the road, there's a grassy area with a large tree. The tree has a brown trunk and lush green leaves, providing a natural frame for the scene. Near the tree, there are some rocks scattered on the ground, adding to the rustic outdoor setting."
train,477,7,5,3,0.1692,0.4627,CLIP=0.1692<0.2,"On the right side of the road, there's a wooden pole with a sign attached to it. The sign has three white arrows pointing in different directions, suggesting this might be a crossroads or a junction where travelers need to choose a path."
train,479,7,5,3,0.1937,0.4994,CLIP=0.1937<0.2,"The background of the scene features a red barn with a white door and a red roof. There's also a smaller white building with a red roof visible, which could be a shed or another outbuilding."
train,479,7,5,4,0.1512,0.4994,CLIP=0.1512<0.2,"The setting appears to be a farm or countryside, with a dirt road visible. The sky is blue, and there are some clouds, giving the scene a pleasant, sunny atmosphere."
train,482,6,5,1,0.1677,0.5348,CLIP=0.1677<0.2,"In the foreground, we see two main characters engaged in a tense interaction. On the left is a man with striking red hair, dressed in a blue suit, yellow vest, and red bow tie. He's holding a telephone receiver to his ear, clearly in the middle of an important conversation."
train,486,6,5,2,0.1692,0.4429,CLIP=0.1692<0.2,"The background sets the scene in what appears to be a suburban neighborhood. A white picket fence runs along the left side of the panel, while a two-story house with a purple roof and white siding stands prominently in the center. The house features a porch with a purple awning, adding to the period-appropriate aesthetic."
train,487,6,4,1,0.1985,0.417,CLIP=0.1985<0.2,"Chasing after him is a woman with dark hair, wearing a red jacket over a white shirt and black pants. Her legs are bent at the knees, capturing the essence of her running motion. Both characters are shown in profile, emphasizing their movement and energy."
train,487,6,4,2,0.1167,0.4429,CLIP=0.1167<0.2,"The background sets the scene in what appears to be a suburban neighborhood. A white picket fence runs along the left side of the panel, while a two-story house with a purple roof and white siding stands prominently in the center. The house features a porch with a purple awning, adding to the period-appropriate aesthetic."
train,489,10,8,3,0.1953,0.6916,CLIP=0.1953<0.2,"- A yellow suit jacket, giving him a bold and eye-catching appearance"
train,489,10,8,4,0.1955,0.6916,CLIP=0.1955<0.2,"- A white shirt, providing a stark contrast to the yellow jacket"
train,493,7,6,1,0.1635,0.4977,CLIP=0.1635<0.2,"A stone pathway leads up to the house, bordered by a green lawn and a white picket fence. The sky is a clear blue, suggesting a pleasant day."
train,494,6,5,4,0.1884,0.3962,CLIP=0.1884<0.2,"To the left of the frame, part of a white house is visible. It features a window with a red frame, and below it, a black section with red accents, possibly a porch or entryway."
train,496,5,3,2,0.178,0.3517,CLIP=0.1780<0.2,"In the background, there's a wooden fence with vertical slats. Beyond the fence, you can see a house with a red roof and white walls, set against a blue sky with some clouds."
train,496,5,3,3,0.1652,0.4039,CLIP=0.1652<0.2,"The sidewalk they're walking on is yellow, and there's a yellow curb visible. To the right of the sidewalk, there's a patch of brown dirt with some gray and black squiggles, possibly representing grass or other vegetation."
train,497,5,2,1,0.1652,0.2952,CLIP=0.1652<0.2,"The woman has black hair styled in a bun and is wearing a red dress with a white collar. She's looking at the man with a smile, suggesting a friendly or romantic relationship between them."
train,497,5,2,2,0.1501,0.3517,CLIP=0.1501<0.2,"In the background, there's a wooden fence with vertical slats. Beyond the fence, you can see a house with a red roof and white walls, set against a blue sky with some clouds."
train,497,5,2,3,0.1472,0.4039,CLIP=0.1472<0.2,"The sidewalk they're walking on is yellow, and there's a yellow curb visible. To the right of the sidewalk, there's a patch of brown dirt with some gray and black squiggles, possibly representing grass or other vegetation."
validation,0,4,3,2,0.1727,0.4575,CLIP=0.1727<0.2,"The background showcases a typical cityscape with buildings lining the street. One building stands out with its yellow facade and red windows, adding a pop of color to the scene."
validation,1,7,5,2,0.182,0.5341,CLIP=0.1820<0.2,"In the background, a large yellow sun dominates the sky, casting long shadows across the landscape. This creates a sense of time passing quickly and adds to the tension of the scene."
validation,1,7,5,3,0.163,0.3689,CLIP=0.1630<0.2,"To the left of the road, a tall tree stands sentinel, its branches reaching towards the sky. On the right side, a large stone building looms, possibly a castle or mansion. This structure adds an element of mystery and grandeur to the setting."
validation,4,7,6,1,0.183,0.5327,CLIP=0.1830<0.2,"The central figure is a striking woman with long, dark hair that appears to have a bluish tint. She's wearing an elaborate headpiece adorned with a colorful parrot, adding a touch of exoticism to her appearance. Her expression is intense, with furrowed brows and a grimace, suggesting she's in the middle of a tense situation."
validation,7,5,4,2,0.1911,0.5405,CLIP=0.1911<0.2,"The office itself is richly detailed. There's a window with blinds visible, and a red curtain that adds a splash of color to the otherwise dark room. The desk is cluttered with various objects, including what looks like a typewriter and some papers, which is typical for the era's depictions of office settings."
validation,8,5,4,2,0.1991,0.452,CLIP=0.1991<0.2,"The background is filled with other strange creatures, adding to the otherworldly atmosphere of the scene. These monsters could be inhabitants of Mars or other alien beings that the main character is encountering on his journey."
validation,13,6,4,1,0.1822,0.4454,CLIP=0.1822<0.2,"The man is dressed in a blue suit and matching hat, giving him a dapper, 1930s-40s look. He's kneeling on one knee, presenting a small white box to the woman. His posture suggests he's proposing or offering something valuable."
validation,13,6,4,3,0.1454,0.5255,CLIP=0.1454<0.2,"The setting is atmospheric, with snow falling and a streetlight visible in the background, casting a soft glow over the scene. This creates a romantic, almost noir-like ambiance."
validation,14,7,5,1,0.1504,0.5545,CLIP=0.1504<0.2,"In the foreground, we see a large, circular object that appears to be a disc or possibly a shield. It's rendered in a light blue color with a white outline, giving it a three-dimensional appearance. The surface of the disc is textured with small black lines, adding detail to its design."
validation,14,7,5,2,0.1697,0.7275,CLIP=0.1697<0.2,"The most striking element of the panel is a chain that seems to be connected to the disc. This chain is depicted in a state of tension, with white lines radiating outward to emphasize its strength and the force being applied."
validation,18,5,4,3,0.1501,0.3837,CLIP=0.1501<0.2,"The background features a clear sky and a small building with a red roof, possibly a barn or shed, completing the pastoral backdrop."
validation,21,5,4,1,0.1582,0.5141,CLIP=0.1582<0.2,"The main character is a middle-aged man with reddish-brown hair, dressed in a sharp blue suit, white shirt, and red tie. He's positioned behind the microphone, suggesting he's a radio announcer or news reporter. His expression is serious, conveying the gravity of the situation he's reporting."
validation,28,7,6,4,0.1815,0.5249,CLIP=0.1815<0.2,"The background is dark, creating a moody atmosphere that enhances the dramatic tension of the moment. The lighting seems to be focused on the characters, making them stand out against the shadowy backdrop."
validation,35,5,4,1,0.1966,0.4323,CLIP=0.1966<0.2,"In the foreground, we see a large, ornate palm tree in a vase, adding an exotic touch to the interior. The floor is covered with a gray carpet, and there's a yellow baseboard along the bottom of the walls, giving the room a classic, vintage look."
validation,37,6,5,2,0.1821,0.3762,CLIP=0.1821<0.2,"Behind them, a door is visible, adding to the claustrophobic feel of the setting. The background is predominantly green, with a yellow wall on one side, creating an interesting color contrast."
validation,40,6,5,3,0.1924,0.451,CLIP=0.1924<0.2,"The background is filled with motion lines, emphasizing the sense of action and speed in the scene. These lines create a swirling effect around the central figure, further accentuating the feeling of movement."
validation,42,6,5,1,0.1776,0.5717,CLIP=0.1776<0.2,"In the foreground, we see a young boy crouched down behind some bushes. He's wearing a red vest over a white shirt, paired with blue shorts. The boy's posture suggests he's observing the situation with curiosity or perhaps concern."
validation,45,5,4,1,0.1878,0.4881,CLIP=0.1878<0.2,"The man's posture is quite dynamic, with his arms outstretched and one hand gripping what might be a cane or walking stick. His facial expression suggests he's struggling or possibly in pain, adding to the tension of the scene."
validation,46,6,5,2,0.1873,0.3365,CLIP=0.1873<0.2,"To the right, there's a woman with black hair wearing a red shirt. She's holding her hands to her head in what seems to be a gesture of distress or surprise at the unfolding scene."
validation,47,5,4,2,0.196,0.4698,CLIP=0.1960<0.2,"Each figure is equipped with a unique weapon. They're holding what looks like a flamethrower, but with a crucial difference - the barrel is covered by a large canister. This modification likely allows them to project some sort of toxic gas or aerosol."
validation,49,6,5,3,0.1744,0.5345,CLIP=0.1744<0.2,"The background of the panel reinforces the desert setting. There's a window visible, through which we can see a green field and purple mountains in the distance. This backdrop adds depth to the scene and provides context for the location."
validation,52,6,5,3,0.1737,0.5126,CLIP=0.1737<0.2,"The background is filled with various objects that add to the atmosphere of the setting. There's a green toolbox on the desk, hinting at the creative or technical nature of the work done here. A large gray machine is also visible, which could be related to the man's work or the situation at hand."
validation,57,7,6,3,0.197,0.5062,CLIP=0.1970<0.2,"The setting is a rugged mountain landscape. A large gray rock formation dominates the left side of the panel, while a brown rock is visible in the foreground. The background showcases a yellow sky and gray mountains, creating a sense of height and danger."
validation,59,6,5,1,0.1845,0.286,CLIP=0.1845<0.2,"The setting appears to be a city, with a pink building featuring a prominent clock visible in the background. The sky is dark, suggesting it's either early morning or late afternoon."
validation,61,6,3,2,0.1952,0.5373,CLIP=0.1952<0.2,"To the right, we see the aggressor in the scene. He's dressed in a blue coat, blue hat, and orange pants. He's also wearing brown shoes. In his hand, he's holding a gun that's actively firing, as evidenced by the ""RATA-TAT-TAT"" text above it. The sound effect implies a quick, series of shots."
validation,61,6,3,3,0.1719,0.4783,CLIP=0.1719<0.2,"The action is intense, with bullet holes visible in the background, likely from the shooter's gun. The snowy setting adds to the atmosphere, with snow covering the ground and possibly falling from the sky."
validation,61,6,3,4,0.1422,0.3843,CLIP=0.1422<0.2,"In the background, there's a large green building with a red roof, which could be a significant landmark in the city. The night sky is visible, adding to the dramatic mood of the scene."
validation,64,5,4,2,0.1882,0.4189,CLIP=0.1882<0.2,"In the distance, a flock of birds can be seen soaring through the sky, adding depth and movement to the scene."
validation,67,7,6,3,0.1942,0.3127,CLIP=0.1942<0.2,"The background features a window, through which we can see a blue sky, suggesting it's daytime. This window also provides depth to the panel and helps establish the setting."
validation,70,5,4,1,0.1785,0.648,CLIP=0.1785<0.2,"In the foreground, we see two main characters: a young man and a young woman. The man, positioned on the left side of the panel, has short blonde hair and is wearing a black and white shirt. He's looking directly at the viewer with a serious expression. To his right is the woman, who has long black hair and is dressed in a red shirt. She's facing the man, her gaze fixed on his face."
validation,72,7,6,5,0.197,0.5967,CLIP=0.1970<0.2,"The overall composition of the panel, with its bold colors and dramatic pose, creates a sense of tension and intrigue. It's the kind of image that would have readers on the edge of their seats, eager to discover what the character is hiding or about to reveal."
validation,74,5,2,1,0.1978,0.4127,CLIP=0.1978<0.2,"In front of him is a table draped with a red cloth, on which he's holding a glass of what appears to be alcohol. The man seems to be enjoying himself, perhaps at some sort of party or social gathering."
validation,74,5,2,2,0.1738,0.3794,CLIP=0.1738<0.2,"Surrounding the central figure are several women in various states of undress. To his left, there's a woman in a red bikini, her back turned to the viewer. On his right, another woman in a green bikini is facing him, her blonde hair catching the light. In the background, we can see the lower bodies of two more women, one in a blue bikini and another in a red bikini."
validation,74,5,2,3,0.1821,0.3794,CLIP=0.1821<0.2,"The setting appears to be indoors, with a yellow wall and a red curtain visible in the background. There's also a doorway leading to a darker area, adding depth to the scene."
validation,75,9,8,2,0.1976,0.4537,CLIP=0.1976<0.2,"The setting is quite atmospheric. There's a brick wall behind the man in the suit, and a wooden door is visible, adding to the noir-like ambiance of the scene."
validation,80,6,4,1,0.1643,0.5475,CLIP=0.1643<0.2,"In the foreground, we see a balding man in a purple pinstripe suit, red and black striped tie, and white shirt. He's wearing glasses and appears to be in distress. His eyes are wide open, and his mouth is agape, suggesting he's either screaming or about to faint. His arms are outstretched, and his head is tilted back, emphasizing his agitated state."
validation,80,6,4,2,0.1861,0.4549,CLIP=0.1861<0.2,"To the left of the central figure, there's a woman with black hair. She's wearing a red shirt and has a concerned or worried expression on her face. Her hand is raised to her face, possibly in shock or fear."
validation,83,6,5,2,0.1995,0.5254,CLIP=0.1995<0.2,"To his left stands a woman with long, curly black hair. She's wearing a striking red dress that catches the eye. Her posture is more relaxed compared to the man, with her right arm hanging down by her side. She appears to be observing the man's actions or words with interest or concern."
validation,89,7,6,1,0.1991,0.558,CLIP=0.1991<0.2,"At the center of the action are two young people, a boy and a girl, who appear to be the protagonists of the story. The boy has black hair and is wearing a red baseball cap and shirt. He's in a crouched position, looking up at the girl above him."
validation,91,6,4,1,0.1656,0.711,CLIP=0.1656<0.2,"The submarine is positioned in what appears to be an underwater cave or cavern. The background is filled with swirling blue and green water, creating a sense of depth and movement. Red coral formations are visible, adding vibrant color to the scene and emphasizing the aquatic environment."
validation,91,6,4,2,0.1839,0.711,CLIP=0.1839<0.2,"In the foreground, we can see several fish swimming around the submarine. There's a large orange fish, a smaller yellow one, and a few other colorful varieties. These fish contribute to the lively underwater atmosphere and provide scale, highlighting the size of the submarine."
validation,92,6,4,1,0.1938,0.5049,CLIP=0.1938<0.2,"Three men are visible on the ship's deck, engaged in a tense conversation. They're all wearing white shirts, but their pants differ in color - one in blue, another in white, and the third in black. Their expressions and postures suggest concern and urgency as they face the challenging sea conditions."
validation,92,6,4,2,0.1672,0.4396,CLIP=0.1672<0.2,"The sea itself is portrayed as quite rough, with dark blue waters and white-capped waves, emphasizing the perilous nature of the journey. The sky above is a light blue, creating a stark contrast with the turbulent sea below."
validation,93,7,6,1,0.1644,0.4688,CLIP=0.1644<0.2,"The woman is in the midst of a dramatic moment, her left hand clenched into a fist as if she's preparing to defend herself or striking back at an unseen opponent. Her posture and expression convey a sense of determination and readiness for conflict."
validation,94,6,5,1,0.1959,0.4969,CLIP=0.1959<0.2,"In the foreground, we see a dramatic confrontation between several characters. A man with black hair, wearing a white shirt and green pants, is being attacked from behind. He's raising his hands defensively as he's struck by a lead pipe wielded by a young boy with blonde hair, dressed in an orange shirt."
validation,97,5,4,3,0.1885,0.4363,CLIP=0.1885<0.2,"In the background, there's a green building with a green door and a green awning. To the left, a yellow building with three windows can be seen. A green mailbox is also visible, adding to the typical street scene atmosphere."
validation,98,6,5,3,0.1868,0.3628,CLIP=0.1868<0.2,"Below the headline, there's a black and white photograph of a man. He appears to be a middle-aged or older gentleman with a bald head and some hair on the sides. He's wearing glasses and a suit, giving him a distinguished appearance. The man's expression is serious, befitting the gravity of the situation being reported."
validation,101,6,4,1,0.1666,0.5804,CLIP=0.1666<0.2,"The water surrounding the boat is particularly noteworthy, as it's not a uniform color. The outer edges of the water are a deep green, gradually transitioning to a lighter green and then to a yellowish hue as it approaches the boat. This color gradient adds depth and visual interest to the scene."
validation,101,6,4,2,0.1722,0.5804,CLIP=0.1722<0.2,"In the water, we can see several pink circles with darker centers. These could represent bubbles, ripples, or perhaps some kind of magical or supernatural element, adding an air of mystery to the scene."
validation,103,5,4,2,0.1869,0.5419,CLIP=0.1869<0.2,"Behind the man, there's a large red tent with a flag on top, typical of circus or carnival settings. The ground is depicted in a yellowish color, possibly representing a dirt or grassy area common in outdoor venues."
validation,104,6,5,2,0.1994,0.4406,CLIP=0.1994<0.2,"In the background, we can see the silhouettes of several people, their outlines dark against the backdrop. These figures appear to be standing in an outdoor setting, possibly a field or plaza. Their presence adds depth to the scene and suggests a gathering or audience."
validation,105,5,3,2,0.1948,0.3647,CLIP=0.1948<0.2,"In the background, we can see a horse-drawn carriage, adding a historical or rural element to the scene. This contrast between the modern athletic figure and the traditional transportation method creates an intriguing juxtaposition of time periods."
validation,105,5,3,3,0.1863,0.3459,CLIP=0.1863<0.2,"To the right of the frame, there's a man with short black hair wearing a white shirt. His presence adds to the sense of a crowded event or competition, perhaps an audience member or another participant."
validation,108,6,4,2,0.1612,0.4971,CLIP=0.1612<0.2,"In the foreground, there's a red fire hydrant, adding a pop of color to the scene and indicating the proximity of fire stations in this urban setting."
validation,108,6,4,3,0.1458,0.4971,CLIP=0.1458<0.2,"The background showcases a yellow building with a distinctive red chimney, typical of the architectural styles found in many American cities of that era. This building likely represents a local business or residential property."
validation,109,5,4,3,0.1995,0.5678,CLIP=0.1995<0.2,"The scene is set against a backdrop of rolling hills and a clear blue sky, creating a stark contrast with the fast-moving vehicles in the foreground. This juxtaposition of serene nature and high-octane action adds to the drama of the chase."
validation,110,6,5,1,0.1917,0.7189,CLIP=0.1917<0.2,"The scientist is engaged in a sinister experiment, standing at a wooden table cluttered with various scientific apparatus. In his right hand, he holds a bottle, while his left hand manipulate a beaker. The table is covered with an assortment of beakers, flasks, and other glassware, suggesting a complex and potentially dangerous procedure."
validation,113,7,6,4,0.1974,0.3435,CLIP=0.1974<0.2,"In the background, we can see some greenery, likely trees or bushes, which helps to establish the outdoor setting."
validation,115,6,5,2,0.1793,0.6717,CLIP=0.1793<0.2,"On the ground, another man is lying face down. He's wearing a green shirt and pants, and his posture indicates he's either been knocked out or is trying to recover from a blow."
validation,116,6,4,2,0.1838,0.6129,CLIP=0.1838<0.2,"The second man is seated at the desk, dressed in a blue suit with a white shirt and blue tie. He has short brown hair and is looking to the left with a stern expression. Behind him, there's a black chair visible."
validation,116,6,4,3,0.1913,0.3838,CLIP=0.1913<0.2,"Between them is a window with a black frame, through which we can see a black and white striped curtain. The background features a brown wall, adding to the office atmosphere."
validation,121,6,5,1,0.188,0.5295,CLIP=0.1880<0.2,"The central figure is a formidable character, possibly a superhero or supervillain. He's depicted in a dynamic pose, with one hand on his hip and the other extended outward. This posture suggests confidence and power. The character is rendered in a striking blue color, which makes him stand out against the background."
validation,122,11,9,3,0.1829,0.4892,CLIP=0.1829<0.2,1. A man with gray hair wearing a yellow shirt and green vest
validation,122,11,9,4,0.1909,0.4892,CLIP=0.1909<0.2,2. A young man in a green beanie and striped shirt
validation,123,5,4,1,0.1872,0.5225,CLIP=0.1872<0.2,"In the foreground, we see two figures. One is a man in a gray military uniform, standing upright and facing the plane. Next to him is a woman dressed in a blue outfit, carrying a large box on her back. Her posture suggests she may be in distress or hurry."
validation,124,10,9,8,0.1819,0.4547,CLIP=0.1819<0.2,"In the upper right corner, there's a large orange splash, which could represent an explosion or some other forceful event adding to the intensity of the scene."
validation,133,5,4,2,0.185,0.3224,CLIP=0.1850<0.2,"The setting is outdoors, with a yellow building visible in the background. The building has a red brick chimney and a red roof, adding to the vibrant color palette of the scene. There's also a green bush visible, contributing to the outdoor atmosphere."
validation,139,6,5,2,0.1846,0.446,CLIP=0.1846<0.2,"The setting is a dense jungle, with tall trees and foliage creating a sense of depth and atmosphere. The background is filled with rich, warm colors - deep greens for the vegetation and a warm, golden light that seems to filter through the leaves, creating an otherworldly ambiance."
validation,140,6,5,1,0.1841,0.4672,CLIP=0.1841<0.2,"Inside the police car, we see two officers. One is driving, while the other is leaning out of the passenger window, brandishing a gun. This officer appears to be taking aim at something off-screen, possibly the fugitive they're pursuing."
validation,142,6,4,2,0.1666,0.5116,CLIP=0.1666<0.2,"The sky above is a light blue, providing a stark contrast to the black airplane that's flying towards the crowd. The plane's silhouette is clearly visible, creating a sense of drama and urgency in the scene."
validation,142,6,4,4,0.1855,0.5116,CLIP=0.1855<0.2,"The overall atmosphere is one of excitement and national pride. The crowd's reaction suggests this could be an important event, perhaps the arrival of a famous figure or a significant military aircraft."
validation,143,6,4,2,0.1743,0.5467,CLIP=0.1743<0.2,"In the foreground, there's a small green bush, adding some natural detail to the scene. The background is mostly dark, suggesting it's nighttime, which adds to the sense of mystery and danger."
validation,143,6,4,3,0.1912,0.5367,CLIP=0.1912<0.2,"The woman's posture and movement convey a strong sense of purpose and urgency. Her legs are bent at the knees, and her arms are pumping as she runs. This dynamic pose captures the essence of a comic book superhero or adventure character in the midst of action."
validation,145,5,4,1,0.1696,0.0738,CLIP=0.1696<0.2,"The setting includes a wooden telephone pole with a white box attached, likely a mailbox or telegraph box. A tree branch is visible in the background, adding to the outdoor atmosphere."
validation,146,5,4,1,0.1813,0.5896,CLIP=0.1813<0.2,"The background showcases a vibrant blue sky dotted with white clouds, creating a stark contrast with the red plane. The diving motion of the aircraft is emphasized by dynamic lines and shading, conveying a sense of speed and urgency."
validation,148,5,4,2,0.1306,0.5902,CLIP=0.1306<0.2,"To the left of the path, a large black rock formation adds depth and texture to the scene. On the right side, a green hillside slopes downward, dotted with several white tents. This suggests a temporary settlement or encampment of some kind."
validation,152,7,4,1,0.1952,0.5376,CLIP=0.1952<0.2,"In the foreground, we see two women engaged in contrasting activities. One woman, with blonde hair, is standing confidently. She's dressed in a blue and white striped shirt, orange shorts, and red boots. In her right hand, she's holding a broom, suggesting she might be in the midst of some cleaning or maintenance task."
validation,152,7,4,2,0.1983,0.5423,CLIP=0.1983<0.2,"Next to her, another woman is seated on the grass, engrossed in a book. She's wearing a red outfit, which creates a striking visual contrast against the green background. Her posture and focus on the book imply a sense of calm and concentration."
validation,152,7,4,4,0.1455,0.477,CLIP=0.1455<0.2,"Behind the women, a tree provides a natural backdrop. An orange squirrel can be spotted in the grass, adding a small but charming detail to the scene."
validation,154,6,4,1,0.1506,0.4847,CLIP=0.1506<0.2,"Behind her stands a man with a stern expression. He's adorned with a gold necklace and wearing a blue shirt. His head is covered by a red turban, adding to his authoritative appearance. The man's gaze is fixed on the woman, suggesting a moment of tension or anticipation between the two characters."
validation,154,6,4,2,0.1756,0.4957,CLIP=0.1756<0.2,"The composition is dynamic, with the characters positioned centrally in the frame. The blue background creates a stark contrast with the characters' attire, drawing attention to their forms and expressions."
validation,156,6,5,1,0.1636,0.5946,CLIP=0.1636<0.2,"Behind the blonde man stands another figure, partially obscured. This second character is wearing a blue hat and blue jacket, and is also holding a gun. The presence of two armed men creates an atmosphere of danger and conflict."
validation,157,6,5,2,0.1701,0.5042,CLIP=0.1701<0.2,"To the left of the chair stands a man in a blue uniform, likely a guard or warden. He's holding a woman in a red dress who appears to be crying, her blonde hair contrasting sharply with her attire. Behind them is a line of other women, all dressed in colorful dresses, watching the scene unfold with expressions of horror or concern."
validation,158,4,2,1,0.1999,0.6096,CLIP=0.1999<0.2,"In the background, three figures can be seen. These are not ordinary humans, but rather appear to be green, furry creatures with pointy ears. Their appearance is reminiscent of gnomes or small forest creatures, adding an element of the supernatural or fantastical to the scene. These figures are positioned behind the guillotine, their presence adding to the mysterious atmosphere of the image."
validation,158,4,2,2,0.1796,0.6676,CLIP=0.1796<0.2,"The sky above is rendered in a light blue color, dotted with large, fluffy yellow clouds. This creates an interesting contrast with the dark and threatening subject matter below. The juxtaposition of the cheerful sky with the ominous guillotine creates a surreal and unsettling mood, typical of the dramatic storytelling in golden age comics."
validation,159,7,5,1,0.1822,0.6752,CLIP=0.1822<0.2,"The central focus is on a group of characters engaged in what seems to be a violent confrontation. In the foreground, we see several figures in red jumpsuits with hoods, likely representing the antagonists. These characters are shown in various dynamic poses - some are jumping, others are running, and a few are holding weapons that appear to be clubs or similar bladed implements."
validation,159,7,5,4,0.1568,0.4905,CLIP=0.1568<0.2,"The environment itself adds to the sense of chaos. There's a large, industrial-looking machine visible in the background, which could be a conveyor belt or some other factory equipment. The floor is depicted as hard and possibly concrete, with shadows adding depth to the scene."
validation,164,7,6,2,0.1866,0.409,CLIP=0.1866<0.2,"The background is dominated by a large, cracked wall, indicating a recent explosion or impact. This adds to the sense of urgency and danger in the scene."
validation,171,14,12,2,0.1533,0.655,CLIP=0.1533<0.2,"1. A man with dark hair, wearing a blue suit with a white shirt and bow tie. He's seated at a table and seems to be in the middle of an emotional conversation."
validation,171,14,12,6,0.1598,0.655,CLIP=0.1598<0.2,"- A man with dark hair, dressed in a blue suit with a white shirt and bow tie"
validation,175,6,5,1,0.1647,0.5294,CLIP=0.1647<0.2,"The teacher, a middle-aged man with short dark hair, is standing at the front of the room. He's dressed in a white shirt, blue tie, and blue pants, presenting a professional appearance. In his hand, he's holding a piece of paper, presumably a script or lesson plan. A blackboard is visible behind him, suggesting he's in the middle of a lesson or discussion."
validation,176,6,5,2,0.1717,0.6154,CLIP=0.1717<0.2,"To the right of the desk, a woman is perched, adding a sense of casual defiance to the scene. She's wearing a striking blue dress with a red belt, complemented by a red cape draped over her shoulders. Her long black hair flows down her back, and she's wearing a headband, giving her a distinctive look. The woman's left hand is placed on her hip, a classic pose of confidence or challenge."
validation,180,6,5,2,0.1729,0.5843,CLIP=0.1729<0.2,"The stage is well-lit, with spotlights shining down from above, creating a theatrical atmosphere. In the background, we can see a chair, adding to the stage setting."
validation,181,7,4,2,0.1589,0.6063,CLIP=0.1589<0.2,"The bed is covered with a blue blanket and has a white pillow. It's positioned against a wall that's painted green, creating an interesting color contrast with the blue bedding."
validation,181,7,4,3,0.1719,0.6063,CLIP=0.1719<0.2,"To the left of the bed, there's a red chair, adding another pop of color to the scene. On the right side, we can see a yellow dresser, which complements the overall color scheme of the room."
validation,181,7,4,4,0.1594,0.4351,CLIP=0.1594<0.2,"The floor is covered with a red carpet, and there are some black objects scattered on it, though their exact nature isn't clear from this description."
validation,182,5,4,3,0.1926,0.267,CLIP=0.1926<0.2,"The setting appears to be outside a building, possibly a house, given the brick wall and the presence of a window with a metal gate. There's also a wooden beam visible, which could be part of a porch or overhang."
validation,186,5,4,1,0.1942,0.5887,CLIP=0.1942<0.2,"To the left of the scene, there's a smaller tree with a green canopy, providing a nice contrast to the larger tree. The background is a muted gray, which helps to make the characters and trees stand out more prominently."
validation,187,7,6,2,0.191,0.5194,CLIP=0.1910<0.2,"To his right is a more striking figure - a shirtless man wearing red shorts and a long red robe. This character is quite eye-catching, with his muscular build and dramatic attire. He's holding a red ball in one hand and pointing upwards with the other, as if gesturing towards the sky or drawing attention to something above."
validation,190,6,5,1,0.1958,0.6426,CLIP=0.1958<0.2,"In the foreground, we see three men engaged in a dramatic confrontation. On the left, a man in a blue hat, white shirt, and blue pants is standing and firing a gun. To his right, another man is crouched down, also wearing a blue hat, white shirt, and blue pants, but with brown shoes. Both of these men are aiming their guns at a third figure in the scene."
validation,195,9,6,2,0.1885,0.6303,CLIP=0.1885<0.2,1. A woman with blonde hair wearing a red dress and matching red hat. She's barefoot and appears to be running or walking through the jungle.
validation,195,9,6,3,0.1814,0.3632,CLIP=0.1814<0.2,"2. A young boy dressed in blue, who seems to be clinging to the woman's arm. He might be a child companion or possibly a lost child they've encountered."
validation,195,9,6,4,0.1738,0.6303,CLIP=0.1738<0.2,"3. Another woman with brown hair, wearing a blue dress and a blue hat. She's also barefoot and appears to be running alongside the blonde woman."
validation,200,7,6,2,0.1974,0.4324,CLIP=0.1974<0.2,"To his right, there's a woman wearing a yellow shirt and white apron. Her hands are raised in the air, indicating she may be surrendering or trying to protect herself."
validation,202,6,5,1,0.1926,0.4127,CLIP=0.1926<0.2,"In the foreground, we see a woman with curly brown hair and red lipstick. She's wearing a green dress and has a somewhat disapproving expression on her face. Her body language suggests she's not pleased with the conversation taking place nearby."
validation,203,7,6,1,0.1913,0.5101,CLIP=0.1913<0.2,"At the center of the action are three men engaged in a heated exchange. On the left, we see a man wearing a green plaid cap and a black and white striped shirt. He's holding a gun in his right hand, pointing it towards the other two men."
validation,204,4,2,1,0.1541,0.321,CLIP=0.1541<0.2,"At the center of the action is a round wooden table where four men are gathered. Three of these men are wearing suits, while one sports a black and white striped shirt and a hat. They appear to be engaged in a heated discussion, their body language and positioning suggesting a tense situation."
validation,204,4,2,2,0.1468,0.3539,CLIP=0.1468<0.2,"Standing behind the table is a woman who seems to be the bartender. She's dressed in a white apron and hat, holding a bottle of alcohol. Her presence adds to the authentic bar atmosphere and hints at her role in the unfolding events."
validation,205,7,5,3,0.1779,0.5543,CLIP=0.1779<0.2,"The background shows a crowd of spectators, represented by small, indistinct figures. This gives the scene a sense of excitement and importance, as if it's taking place at a major sporting event."
validation,205,7,5,4,0.1771,0.5543,CLIP=0.1771<0.2,"The setting appears to be a track and field stadium, with a dirt or sand surface visible in the foreground. This is typical for many track and field events, particularly those involving jumping or long-distance running."
validation,206,5,4,1,0.1853,0.5164,CLIP=0.1853<0.2,"In the foreground, we see two hands belonging to different individuals. One hand, likely belonging to the Police Chief, is pointing emphatically at a mysterious object. This object appears to be a radio or some other type of communication device, suggesting it's a crucial element in the unfolding story."
validation,207,5,4,2,0.1745,0.5273,CLIP=0.1745<0.2,"The setting is quite striking. The sky has a reddish hue, suggesting either a sunset or an otherworldly atmosphere. The hillside where the car has crashed is covered in brown grass, with a single tree visible in the foreground. This creates a stark contrast between the natural landscape and the advanced technology of the crashed vehicle."
validation,211,6,5,1,0.1902,0.4913,CLIP=0.1902<0.2,"In the foreground, we see a woman in a red dress sitting in a green chair. Her posture suggests distress or exhaustion, as she's leaning back with her head tilted downward. Her black hair is visible, and her arms are hanging limply at her sides."
validation,217,12,10,6,0.1782,0.4755,CLIP=0.1782<0.2,"4. The Conductor: Dressed in a brown uniform with a hat, he seems to be an important figure in the train's operations and might have witnessed the crime."
validation,217,12,10,8,0.1871,0.5282,CLIP=0.1871<0.2,"The background shows the interior of the train car, with a window revealing the passing landscape. This setting creates a sense of isolation and heightens the mystery of what transpired."
validation,220,7,6,2,0.1815,0.5941,CLIP=0.1815<0.2,"Behind him stands a man in a purple suit with blue hair, holding a glass of alcohol. He seems to be engaged in conversation with the bald man, possibly discussing the events of the story."
validation,224,8,7,2,0.1615,0.4858,CLIP=0.1615<0.2,"The ship itself is rendered in a stylized manner, with bold lines and a simplified form. It appears to be a large vessel, possibly a cruise ship or cargo ship, given its size and structure. The ship's silhouette contrasts sharply with the dark, stormy sky above, emphasizing the perilous situation."
validation,226,6,5,2,0.1977,0.4618,CLIP=0.1977<0.2,"In the background, we can see the ocean, represented by blue waves. The sky is dark, suggesting a stormy atmosphere, which adds to the tension of the scene."
validation,228,5,4,2,0.1888,0.5503,CLIP=0.1888<0.2,"The two men being dragged behind the first appear to be comedians or entertainers. They're dressed in more casual attire - one wearing a blue vest over a yellow shirt, the other in a white shirt with brown pants. Their body language suggests surprise or alarm, with one man's arms raised in the air and the other's arms crossed in front of him."
validation,229,6,5,3,0.1678,0.6324,CLIP=0.1678<0.2,"The scene is set against a backdrop of red rock formations, typical of arid regions like the American Southwest. This creates a stark contrast with the yellow tower and the figures in the foreground."
validation,231,7,6,4,0.1871,0.7358,CLIP=0.1871<0.2,"The table in front of the magician is set with a green tablecloth and a yellow lamp, adding to the ambiance of the scene. There are also two glasses on the table, one in front of the seated man and another in front of the woman with red hair."
validation,232,6,5,3,0.1228,0.4499,CLIP=0.1228<0.2,"The desert setting is evident from the yellow ground and the green hill in the background. The sky is blue, providing a stark contrast to the earthy tones of the landscape."
validation,235,6,4,1,0.1791,0.4791,CLIP=0.1791<0.2,"The woman's expression is one of concern or surprise, as evidenced by her blue eyes and slightly open mouth. She's wearing a red top, which adds a vibrant splash of color to the otherwise muted scene."
validation,235,6,4,2,0.1712,0.6456,CLIP=0.1712<0.2,"The room's ambiance is created by the orange wall behind her and the dark window, through which we can see a starry night sky. This contrast between the interior's warmth and the cool exterior adds to the dramatic atmosphere."
validation,236,11,10,6,0.1947,0.6587,CLIP=0.1947<0.2,3. A blue wall in the background
validation,239,5,3,2,0.1925,0.5182,CLIP=0.1925<0.2,"To his right is another man, more flamboyant in appearance. He's wearing a blue suit, purple tie, and top hat, and has blonde hair. This character is looking directly at the crowd with a confident expression."
validation,239,5,3,3,0.181,0.5894,CLIP=0.1810<0.2,"Behind these two figures are two women. One has brown hair and is wearing a yellow dress, while the other has blonde hair and is dressed in red. Both women are holding signs that say ""Ezra,"" supporting the presidential candidate."
validation,252,5,4,1,0.1789,0.3145,CLIP=0.1789<0.2,"In the foreground, we see a romantic moment between two characters. A blonde man in a blue suit is embracing a dark-haired woman wearing an orange dress. Their body language suggests a close, intimate relationship."
validation,253,6,4,2,0.1658,0.6008,CLIP=0.1658<0.2,"To the right of the orange-suited figure, we can see another man in a blue suit. He's shown in mid-dive, with bubbles trailing behind him, suggesting he's underwater. This character appears to be the aggressor, reaching out towards the man in orange with what seems to be a weapon, possibly a gun or knife."
validation,253,6,4,3,0.1858,0.4396,CLIP=0.1858<0.2,"The background is rich with detail, adding to the sense of adventure and peril. There's a shipwreck visible, with a tiger emerging from it, adding an element of the exotic and potentially dangerous. The ocean floor is scattered with bones and a treasure chest, emphasizing the theme of treasure hunting and danger."
validation,254,6,5,4,0.1226,0.3988,CLIP=0.1226<0.2,"Behind the group, there's a wooden fence visible, adding to the outdoor setting. The sky is a clear blue, indicating it's a nice day."
validation,255,7,3,1,0.1446,0.6234,CLIP=0.1446<0.2,"The central focus is on a group of characters gathered around a table. On the left, we see a police officer in uniform holding a gun, suggesting a tense or criminal situation. Next to him is a man in a blue suit with a red tie, possibly a businessman or detective involved in the plot."
validation,255,7,3,2,0.1582,0.5134,CLIP=0.1582<0.2,"A woman in a striking red dress stands out among the group. She's wearing a bracelet and has blonde hair, typical of the glamorous style of the era. Her presence adds a touch of drama to the scene."
validation,255,7,3,3,0.1336,0.5134,CLIP=0.1336<0.2,"To the right of the blonde woman is a man in a blue suit with a bow tie, further emphasizing the formal or business-like nature of the gathering. Behind them, we can see a dresser, adding to the domestic or office-like setting."
validation,255,7,3,4,0.1337,0.3578,CLIP=0.1337<0.2,"The table in the foreground is cluttered with various objects, including a bottle of alcohol, a glass, and a bowl, which might indicate a recent or ongoing social gathering that has taken an unexpected turn."
validation,256,6,5,3,0.1937,0.3423,CLIP=0.1937<0.2,"The background is equally interesting. There's a green door and a fireplace with a candle, adding to the ambiance of the setting. A painting can be seen on the wall, further decorating the space."
validation,260,7,4,0,0.2903,0.8546,SBERT=0.8546>0.85,"This panel from a golden age American comic book depicts a lively New Year's Eve scene. The background is a vibrant yellow, setting the festive mood of the celebration."
validation,260,7,4,1,0.1541,0.5677,CLIP=0.1541<0.2,"In the foreground, we see two police officers standing side by side. They're both wearing blue suits, white shirts, and yellow ties, with matching blue hats. One officer has a more serious expression, while the other appears to be smiling slightly."
validation,260,7,4,6,0.2694,0.8546,SBERT=0.8546>0.85,"Overall, this comic book panel effectively conveys the atmosphere of a New Year's Eve celebration while also hinting at the unfolding plot, creating an engaging and dynamic scene for the reader."
test,2,11,7,3,0.1905,0.3548,CLIP=0.1905<0.2,1. A man in a suit
test,2,11,7,4,0.1523,0.6574,CLIP=0.1523<0.2,2. A woman in a dress
test,2,11,7,5,0.1877,0.3224,CLIP=0.1877<0.2,3. A young boy
test,2,11,7,6,0.131,0.6574,CLIP=0.1310<0.2,4. A girl in a dress
test,3,5,4,1,0.1852,0.3323,CLIP=0.1852<0.2,"In the foreground, we see three men walking towards a blue car parked on the street. The man in front is wearing a green suit and a hat, leading the way. Behind him is another man in an orange suit, also sporting a hat. The third man, dressed in a dark gray suit, is being dragged along by the others. His posture suggests he's reluctant or being强迫 to move."
test,4,7,6,1,0.1441,0.5823,CLIP=0.1441<0.2,"In the foreground, we see a man with striking red hair. He's dressed formally in a white shirt, black pants, and a black tie. What's particularly notable is his blue suspenders, which add a touch of color to his outfit. This character appears to be in the midst of an action sequence, reaching for a gun that he's drawn from his waistband."
test,5,6,5,2,0.1738,0.4841,CLIP=0.1738<0.2,"The setting appears to be a dimly lit room, with a yellow wall in the background and wooden beams visible on the ceiling. This atmospheric backdrop adds to the sense of intrigue and tension in the scene."
test,6,6,5,3,0.1732,0.3364,CLIP=0.1732<0.2,"The scene is filled with dynamic elements that add to the tension. There are flames shooting up from the ground, creating an atmosphere of danger and destruction. Smoke swirls around, further obscuring the view and adding to the chaotic feel of the moment."
test,8,6,4,1,0.1815,0.5075,CLIP=0.1815<0.2,"In the foreground, we see the back of a woman's head. She's wearing a blue hat and jacket, and her hair is styled in a bun, giving her a professional appearance. She seems to be seated at a desk, as there's a computer monitor visible in front of her."
test,8,6,4,2,0.1539,0.6473,CLIP=0.1539<0.2,"The woman is engaged in a conversation with a man who is standing behind her. This man is likely her boss or superior, given his attire and posture. He's bald with a receding hairline, wearing glasses, a brown suit jacket, and a red tie. His expression suggests he's explaining something to the woman."
test,9,6,4,1,0.1521,0.5108,CLIP=0.1521<0.2,"The central figure is a man dressed in a white suit with black spots, reminiscent of a zebra pattern. He's standing in front of a white podium, which suggests he might be about to make an announcement or speech."
test,9,6,4,3,0.1946,0.4144,CLIP=0.1946<0.2,"To the right of the podium, there's a red fence with vertical stripes. This adds a pop of color to the scene and might serve as a backdrop or boundary for the area."
test,11,3,2,1,0.0983,0.3609,CLIP=0.0983<0.2,"The setting is a picturesque suburban scene. In the background stands a large, impressive house with a red roof and multiple windows. This grand residence adds a sense of aspiration and middle-class美好生活 to the illustration. The house is surrounded by a well-maintained lawn, further emphasizing the idyllic nature of the neighborhood."
test,12,8,7,4,0.1804,0.3689,CLIP=0.1804<0.2,"The background is filled with action and danger. There's a tank in the scene, firing its main gun. The tank is surrounded by explosions and flames, creating a chaotic and intense atmosphere."
test,13,7,5,1,0.1732,0.6086,CLIP=0.1732<0.2,"The central figure is a man wearing an orange jumpsuit and a matching helmet with a clear visor. He has a beard and mustache, giving him a rugged appearance. In his right hand, he's holding a red object that resembles a flashlight or possibly a weapon."
test,13,7,5,2,0.162,0.6086,CLIP=0.1620<0.2,"The man is in the process of adjusting his helmet's mask, suggesting he's preparing for some kind of mission or dangerous situation. His posture and the way he's gripping the red object indicate a sense of readiness and determination."
test,14,8,7,5,0.1953,0.3419,CLIP=0.1953<0.2,"The scene is set outdoors, with a green hill visible in the background, adding depth to the setting."
test,16,7,5,1,0.169,0.6776,CLIP=0.1690<0.2,"In the foreground, we see three men in suits. On the left is a man with blonde hair, wearing a green suit and looking to the right. Next to him is a man in a blue suit with a red hat, also facing right. The third man in this group is wearing a red suit with a black tie and a red hat, and he's looking directly at the blonde-haired man."
test,16,7,5,2,0.1104,0.6776,CLIP=0.1104<0.2,"To the right of this group is another man in a green suit with a white shirt and black tie. He's wearing a brown hat with a black band and has a mustache. This man is looking to the left, seemingly engaged in conversation with the others."
test,17,7,5,3,0.1982,0.4513,CLIP=0.1982<0.2,"To the right of the man, there's a wooden post with red straps, likely part of a pier or wharf structure. Next to it, we can see a red pole, which could be part of the same structure or a separate element of the maritime setting."
test,17,7,5,4,0.1962,0.6089,CLIP=0.1962<0.2,"The background is predominantly dark, with shades of black and gray, suggesting a stormy night or a dimly lit harbor. This adds to the overall tension and drama of the scene."
test,18,6,5,2,0.1605,0.2692,CLIP=0.1605<0.2,"To the right of these figures, there's a trash can, adding to the sense of a domestic or everyday location that's been interrupted by whatever incident has occurred."
test,20,6,5,2,0.1957,0.6501,CLIP=0.1957<0.2,"The background is a vibrant blue sky, creating a stark contrast with the red of the superhero's costume and the flames below. In the bottom right corner, there's a small white cloud, adding to the dynamic nature of the scene."
test,21,6,3,1,0.1952,0.4926,CLIP=0.1952<0.2,"The man's right arm is raised high, and we can see his fist clenched tightly. This pose suggests he's in the act of striking or has just completed a powerful action. His left arm is bent at the elbow, with his fist positioned near his chest, adding to the dynamic energy of the scene."
test,21,6,3,2,0.1806,0.6847,CLIP=0.1806<0.2,"In front of the man, there's a dramatic display of falling rocks or boulders. These are rendered in a bold pink color, creating a stark contrast against the darker background. The rocks are shown in various stages of descent, with lines of motion emphasizing their movement. This visual effect adds a sense of action and danger to the scene."
test,21,6,3,3,0.1893,0.6847,CLIP=0.1893<0.2,"The background is predominantly dark, likely representing a night sky or shadowy landscape. This dark backdrop makes the pink rocks and the figure stand out even more prominently."
test,27,6,3,1,0.176,0.7066,CLIP=0.1760<0.2,"Behind the desk stands another man, dressed in a purple jacket. He's leaning forward with his hands raised, as if he's exclaiming or questioning something. This dynamic pose adds energy to the scene."
test,27,6,3,2,0.184,0.7066,CLIP=0.1840<0.2,"To the right of the desk, we see a third man seated in a chair. He's wearing a blue suit and has his hands raised in the air, possibly in surprise or excitement. His posture suggests he's reacting strongly to whatever is being discussed."
test,27,6,3,3,0.1863,0.4097,CLIP=0.1863<0.2,"The background features a yellow wall, creating a warm atmosphere. There's also a red door visible, which could be an exit or lead to another room."
test,30,7,6,2,0.1848,0.2565,CLIP=0.1848<0.2,"His right arm is raised, and he's holding his right wrist with his left hand. This gesture could indicate pain, surprise, or that he's trying to steady himself."
test,31,8,6,1,0.1604,0.6755,CLIP=0.1604<0.2,"The woman on the left has long, dark brown hair and is wearing a blue jacket over a white shirt. She's also sporting a red bow tie, adding a touch of elegance to her outfit. Her attention is focused on the woman next to her."
test,31,8,6,3,0.1867,0.3997,CLIP=0.1867<0.2,"The theater setting is richly detailed. The walls are painted blue, creating a cool backdrop for the scene. A white light fixture is visible on the wall, illuminating the space. The ceiling is black, which adds depth to the overall composition."
test,32,6,3,1,0.1613,0.5656,CLIP=0.1613<0.2,"In the foreground, we see a man in a green suit with a blue vest and black tie. He's sitting in a red chair, but his posture is tense and alert. His right leg is bent at the knee, and he's gripping the chair's armrests tightly with both hands. The man's face is turned to the left, his expression serious and focused."
test,32,6,3,2,0.1858,0.5656,CLIP=0.1858<0.2,"Behind the man, there's a row of red chairs, suggesting he's in some kind of waiting area or corridor. The composition of the scene draws our attention to the man's body language and facial expression, conveying a sense of suspense and anticipation."
test,32,6,3,5,0.1957,0.681,CLIP=0.1957<0.2,"This caption adds to the intrigue of the scene, suggesting that the man, who appears to be ""Monk,"" has just detected something unusual and is preparing to investigate. The combination of the man's alert posture, the row of chairs, and the text creates a compelling snapshot of a moment filled with tension and potential danger."
test,37,9,8,4,0.1828,0.3698,CLIP=0.1828<0.2,"2. A man with gray hair, dressed in a blue suit with a white shirt and blue pants. He's standing with his hands on his hips, appearing more confident."
test,38,4,3,2,0.1835,0.3297,CLIP=0.1835<0.2,"The setting appears to be indoors, possibly in a room with a window. Through the window, we can see a cemetery in the distance, with gravestones visible against the night sky. This backdrop adds to the dark and mysterious atmosphere of the scene."
test,43,6,5,3,0.1968,0.5484,CLIP=0.1968<0.2,"The background is dominated by a large, imposing building, which could be part of the warehouse complex or perhaps a nearby structure. Its presence adds to the claustrophobic and potentially dangerous atmosphere of the scene."
test,47,6,5,1,0.1992,0.5517,CLIP=0.1992<0.2,"In the foreground, we see three distinct characters engaged in a tense situation. On the left, there's a man wearing a striking red suit with matching shorts and a green bow tie. He has gray hair and glasses, giving him a distinguished appearance. This character is standing upright and appears to be addressing the others."
test,48,6,2,1,0.171,0.8358,CLIP=0.1710<0.2,"The steamboat is equipped with a prominent smokestack, from which thick plumes of smoke billow upward, adding to the sense of urgency and danger. The boat's design includes a small deck area, where we can see a single figure - presumably the captain or a crew member - standing and steering the vessel through the choppy waves."
test,48,6,2,2,0.1534,0.676,CLIP=0.1534<0.2,"The water surrounding the boat is depicted with dynamic white lines, skillfully illustrating the rough sea conditions. This technique effectively conveys the motion and turbulence of the water, enhancing the overall dramatic atmosphere of the scene."
test,48,6,2,3,0.1488,0.676,CLIP=0.1488<0.2,"The background is predominantly dark, suggesting a nighttime setting or a stormy day. This creates a stark contrast with the brightly colored steamboat and the white lines of the water, drawing the viewer's attention to the action in the foreground."
test,48,6,2,4,0.1946,0.8358,CLIP=0.1946<0.2,"The composition of the panel is well-balanced, with the steamboat positioned centrally and slightly angled, giving a sense of movement and direction. The smoke rising from the smokestack adds vertical elements to the scene, creating visual interest and emphasizing the power of the vessel."
test,49,6,4,3,0.1679,0.4576,CLIP=0.1679<0.2,"The background features a purple mountain with black silhouettes of people climbing it, adding a sense of adventure or conflict to the scene."
test,49,6,4,4,0.1634,0.4576,CLIP=0.1634<0.2,"The sky is blue, and in the upper left corner, there's a black tree, providing some depth to the landscape."
test,50,10,9,3,0.1985,0.5689,CLIP=0.1985<0.2,2. The man in the middle has short blonde hair and is dressed in a blue jacket over a red shirt. He's smiling and looking directly at the viewer.
test,53,5,4,3,0.1907,0.4767,CLIP=0.1907<0.2,"The room contains various objects that add to the atmosphere. There's a brown table visible, and what appears to be a mannequin or statue in the background. A white square object is also noticeable on the wall, though its purpose isn't clear from this view."
test,55,7,6,3,0.1747,0.5394,CLIP=0.1747<0.2,"The background is dominated by a large, fiery explosion. The flames are rendered in vibrant reds and oranges, creating a sense of danger and urgency. This explosion adds to the overall dramatic atmosphere of the scene."
test,60,7,6,3,0.1843,0.4715,CLIP=0.1843<0.2,"The setting is a room with a red wall in the background, creating a dramatic atmosphere. A yellow floor adds a contrasting element to the scene."
test,61,5,4,1,0.1972,0.7605,CLIP=0.1972<0.2,"The background features a vibrant rainbow-colored swirl, emphasizing the superhero's speed and movement. This artistic choice creates a sense of energy and momentum, perfectly capturing the essence of Rainbow Boy's superhuman abilities."
test,64,6,5,2,0.1933,0.6395,CLIP=0.1933<0.2,"To her right, there's a man in a red and white plaid shirt, blue jeans, and a yellow cowboy hat. He's dancing with a woman who has long black hair and is wearing a red and black plaid shirt with yellow pants. The dancing couple seems to be having a great time, with musical notes floating around them to emphasize the joyful atmosphere."
test,65,5,4,1,0.1753,0.5215,CLIP=0.1753<0.2,"The woman on the right has long blonde hair and is dressed in a blue and black outfit. She's holding a brown jacket in her hands, possibly preparing to put it on."
test,66,6,5,2,0.1848,0.4881,CLIP=0.1848<0.2,"Another man, dressed in a gray jumpsuit, is diving towards the pair, seemingly trying to intervene or catch the man being thrown. His dynamic pose adds to the sense of urgency and movement in the scene."
test,68,5,2,1,0.166,0.5976,CLIP=0.1660<0.2,"The coach is addressing a group of players who are lined up in formation. These players are wearing red uniforms with white socks and brown helmets, suggesting they're the home team. They're positioned on a black field, likely representing the end zone or goal area."
test,68,5,2,2,0.1661,0.3635,CLIP=0.1661<0.2,"In the background, we can see a blue sky with white clouds, adding to the outdoor sports atmosphere. There are also some green bushes visible, further emphasizing the outdoor setting."
test,68,5,2,3,0.193,0.5976,CLIP=0.1930<0.2,The coach seems to be in the middle of giving a pep talk or strategic instructions. His posture and the way he's holding the football indicate he's about to call out some signals or give a crucial piece of advice to his team.
test,76,6,3,1,0.1523,0.5805,CLIP=0.1523<0.2,"The main focus of the image is a white horse in the foreground, rearing up on its hind legs. The horse's posture suggests it's in motion, possibly galloping or jumping."
test,76,6,3,2,0.1152,0.5805,CLIP=0.1152<0.2,"Riding the horse is a man dressed in a Viking-inspired outfit. He's wearing a gray shirt, red plaid skirt, and a helmet with horns. In his right hand, he's holding a sword, while his left hand grips the horse's reins. His expression appears to be one of intense concentration or excitement."
test,76,6,3,3,0.1906,0.4985,CLIP=0.1906<0.2,"Behind the horse and rider, we can see a milk cart being carried along by the wind. The cart is white with ""MILK"" written on its side in black letters. Interestingly, the driver of the cart is a Frankenstein monster. He's wearing a red jacket over a white shirt and blue pants. The monster's face shows a surprised expression, likely due to the sudden gust of wind that has taken over control of his cart."
test,77,5,2,1,0.1977,0.5051,CLIP=0.1977<0.2,"To his right is a blonde man dressed in a brown jacket and pants, complete with knee-high boots. He's holding a rifle in his left hand and appears to be listening intently to the gray-haired man."
test,77,5,2,2,0.1697,0.5051,CLIP=0.1697<0.2,"Behind the blonde man stands a woman with blonde hair styled in a bun. She's wearing a white blouse with red accents and a red skirt, along with a white apron that has a blue sash. Her arms are crossed, and she's looking at the gray-haired man with a concerned expression."
test,77,5,2,3,0.1978,0.3614,CLIP=0.1978<0.2,"Between the two men is a wooden table covered with a red tablecloth. On the table, there's a golden chalice and a white vase with a red heart design. A wooden stool is positioned to the right of the table."
test,78,6,5,2,0.1922,0.5044,CLIP=0.1922<0.2,"Behind him stands another man, wearing a red suit and black boots. He's positioned with his legs spread apart and his arms at his sides, suggesting a defensive or ready stance in response to the action unfolding before him."
test,80,6,4,2,0.179,0.5828,CLIP=0.1790<0.2,"In the background, we can see another figure, though they're not as clearly defined as the main character. This second person is wearing a white shirt and blue pants, and their back is turned to the viewer. They seem to be walking away from the scene, which adds a sense of movement and mystery to the panel."
test,80,6,4,3,0.1921,0.6197,CLIP=0.1921<0.2,"The setting itself is quite interesting. The background is predominantly red, which creates a stark contrast with the characters and draws attention to the action in the foreground. There's a yellow oval shape visible, which could be a window or a decorative element in the room."
test,81,7,5,1,0.1516,0.4258,CLIP=0.1516<0.2,"The door is a impressive structure, constructed of dark brown wood and reinforced with metal brackets. It's set into a wall made of gray stone blocks, giving the scene a sense of solid, fortified architecture."
test,81,7,5,2,0.197,0.4802,CLIP=0.1970<0.2,"The man's posture and movement suggest urgency. His right arm is extended forward, gripping the door handle, while his left arm is pulled back, emphasizing his speed. His legs are spread wide, with his right leg stepping forward and his left leg trailing behind, capturing the essence of a rapid sprint."
test,84,6,5,1,0.1659,0.4973,CLIP=0.1659<0.2,"In the foreground, we see two men engaged in a tense standoff. One man, wearing a blue suit and hat, is holding a gun and pointing it at another man dressed in red shorts and a gray shirt. This second man is in the act of grabbing the gun from the suited figure, creating a sense of immediate danger and action."
test,86,7,4,1,0.1862,0.4615,CLIP=0.1862<0.2,"In the foreground, we see two green control towers with yellow windows. These towers are likely operating the drawbridge that spans the river in the background."
test,86,7,4,2,0.1735,0.6555,CLIP=0.1735<0.2,"A large red ship is approaching the harbor, navigating under the drawbridge. This suggests the bridge is currently open to allow maritime traffic to pass."
test,86,7,4,3,0.1767,0.4664,CLIP=0.1767<0.2,"The sky is rendered in a vibrant blue, typical of the colorful art styles of that era. This creates a striking contrast with the other elements in the scene."
test,90,7,6,2,0.1871,0.6209,CLIP=0.1871<0.2,"The officer's attention is focused on a hand reaching into the frame from the left side. This hand, belonging to a woman, is holding a vial. The woman's sleeve is blue, contrasting with the orange background."
test,91,8,7,1,0.1871,0.7278,CLIP=0.1871<0.2,"In the foreground, we see a military airplane parked on a grassy field. The aircraft is brown with a distinctive black circle and white star emblem on its side, typical of American military planes from that era."
test,95,7,6,4,0.1794,0.5408,CLIP=0.1794<0.2,"The background is filled with additional buildings, creating a dense cityscape. The artist has used various shades and lines to give depth and texture to these structures, enhancing the overall composition."
test,99,6,5,2,0.192,0.4349,CLIP=0.1920<0.2,"In the background, a person can be seen walking, contributing to the lively street setting."
test,100,6,3,1,0.1393,0.6419,CLIP=0.1393<0.2,"Two men are prominently featured in the foreground. One, likely the driver, is wearing a brown suit and is seen reaching down to the car's gas tank. His expression and posture convey a sense of urgency and concern. Next to him stands another man in a brown uniform, possibly a soldier or military officer. He's looking off to the side, perhaps assessing the situation or looking for help."
test,100,6,3,2,0.1637,0.6419,CLIP=0.1637<0.2,"In the background, we can see three more men in brown uniforms. They're holding guns and appear to be running towards the car, adding an element of danger or conflict to the scene. Their presence suggests that this might be part of a larger story involving some kind of threat or pursuit."
test,100,6,3,3,0.1893,0.4685,CLIP=0.1893<0.2,"The setting is richly detailed, with a greenish-brown ground that likely represents a desert or barren landscape. There's a large brown rock formation visible, which adds to the rugged, outdoor atmosphere of the scene."
test,101,6,4,1,0.1774,0.7075,CLIP=0.1774<0.2,"The scene takes place outdoors at night, creating a mysterious and dramatic atmosphere. In the foreground, we see two men engaged in conversation. The first man is dressed formally in a blue suit, white shirt, and black tie. He's also wearing a top hat, which adds to his distinguished appearance. In his left hand, he's holding a cane, and he appears to be walking towards the right side of the panel."
test,101,6,4,3,0.1999,0.5126,CLIP=0.1999<0.2,"The background of the panel is predominantly blue, suggesting a night sky. There's a large tree visible on the right side of the image, its silhouette adding to the atmospheric quality of the scene."
test,102,7,6,1,0.1993,0.5398,CLIP=0.1993<0.2,"In the foreground, we see three main characters engaged in what seems to be a tense confrontation. On the left, there's a man wearing a brown fedora and a brown suit, his back turned to the viewer. He's gesturing emphatically with his right hand raised, as if making an important point or giving orders."
test,103,6,5,1,0.1887,0.6844,CLIP=0.1887<0.2,"The alien's most striking feature is its elongated, pointed head with a large red nose that dominates its face. Its body is entirely green, creating a stark contrast with the dark background. The alien's right arm is extended forward, and in its hand, it's holding a red object that appears to be emitting some kind of energy or light."
test,104,6,5,1,0.1993,0.6031,CLIP=0.1993<0.2,"The setting is dramatic, with the train cutting through a green mountainous area. On the left side of the panel, we can see a cliff face with a small house perched on it, its roof visible against the sky. This adds a touch of human presence to the otherwise wild landscape."
test,110,6,5,2,0.193,0.5714,CLIP=0.1930<0.2,"To the right of this group, there's a fifth man who stands out from the others. He's wearing a blue shirt and blue pants, and his posture suggests he's in a position of authority or leadership. This man has his arms outstretched, seemingly directing or motivating the shirtless men before him."
test,115,6,5,2,0.1916,0.5358,CLIP=0.1916<0.2,"The desk in front of him is cluttered with various items, including a blue box and a framed picture. Behind him, the wall is painted yellow, and there's a window with a blue curtain. To the right, we can see a red brick wall, adding depth to the scene."
test,118,5,4,2,0.1721,0.4104,CLIP=0.1721<0.2,"In the background, there's a large explosion, adding to the sense of urgency and danger in the scene. The sky is filled with smoke and flames, creating a chaotic and intense atmosphere."
test,119,6,4,1,0.1857,0.5414,CLIP=0.1857<0.2,"In the foreground, we see a sleek, futuristic-looking aircraft soaring through the air. This isn't your average plane - it's more streamlined and advanced, suggesting it might be a prototype or a special government vehicle. The aircraft is painted in bold red, white, and blue colors, giving it a patriotic appearance."
test,119,6,4,3,0.155,0.532,CLIP=0.1550<0.2,"Below the flying vehicle, we can see a sprawling cityscape. There are numerous buildings visible, including what looks like a large government or institutional structure. A river runs through the center of the city, with boats dotting its surface, adding to the sense of scale and activity."
test,121,6,5,1,0.1751,0.5916,CLIP=0.1751<0.2,"The setting is equally impressive, featuring a massive cliff face with a narrow bridge spanning its width. The bridge appears to be in a state of disrepair or danger, adding to the sense of peril in the scene. Below the bridge, a river flows, its waters likely reflecting the fiery trail left by the hero's leap."
test,122,6,4,1,0.1964,0.5989,CLIP=0.1964<0.2,"The focal point of the image is three soldiers carrying a fourth soldier on a white stretcher. The injured soldier is lying down, covered with a white sheet, and appears to be unconscious or in distress."
test,122,6,4,3,0.1608,0.4093,CLIP=0.1608<0.2,"In the windows of the building, we can see silhouettes of people looking out, adding to the tension and urgency of the scene."
test,123,6,5,1,0.1914,0.4972,CLIP=0.1914<0.2,"The central figure is a man with distinctive features. He has long, flowing red hair and a prominent nose. His expression is intense, with his eyes squinted and his mouth slightly open, revealing a single fang. He's wearing a blue shirt, which contrasts sharply with the dark background."
test,130,7,6,4,0.1257,0.2894,CLIP=0.1257<0.2,"The background is simple but effective, with a light blue sky that suggests an outdoor setting, possibly a park or open area."
test,132,6,4,1,0.1894,0.599,CLIP=0.1894<0.2,"In the foreground, we see three men engaged in what seems to be a confrontation. On the left, a man with black hair is reaching out towards the other two men. He's wearing a black vest over a white shirt, giving him a sharp, formal appearance."
test,132,6,4,2,0.1993,0.599,CLIP=0.1993<0.2,"The central figure is a man with striking red hair, dressed in a blue suit. His arms are raised defensivey, and his facial expression suggests he's caught off guard or trying to explain something."
test,135,8,7,4,0.1726,0.7442,CLIP=0.1726<0.2,"2. To his right, a group of sailors can be seen. They're wearing standard white naval uniforms, complete with blue hats. One of the sailors is saluting, demonstrating the discipline and respect typical of military settings."
test,138,7,5,1,0.1851,0.5311,CLIP=0.1851<0.2,"In the foreground, we see a man in a blue suit with a white shirt and blue pants. He's positioned near a doorway, seemingly trying to take cover. His body language suggests he's trying to avoid something dangerous."
test,138,7,5,2,0.1733,0.5311,CLIP=0.1733<0.2,"To his right, another man is in motion, running towards the first character. This second man is dressed in a blue uniform with a green beret, giving him a military or special forces appearance. His posture indicates urgency and purpose."
test,144,5,4,2,0.1715,0.4974,CLIP=0.1715<0.2,"The background is composed of bold colors - a large red square dominates the panel, with a smaller blue square nested within it. This color scheme creates a dramatic and eye-catching backdrop for the scene."
test,151,6,5,2,0.1659,0.4036,CLIP=0.1659<0.2,"In the background, we can see a vast blue sky and a series of rocky mountains, creating a sense of scale and adventure. The landscape adds to the epic feel of the scene."
test,153,7,5,1,0.1877,0.5375,CLIP=0.1877<0.2,"In the foreground, we see the back of a police officer's head. He's wearing a distinctive blue cap with a black band, and his gray hair is visible beneath. The officer's posture is alert, with his fist clenched, suggesting he's engaged in an intense conversation or confrontation."
test,153,7,5,3,0.1699,0.5132,CLIP=0.1699<0.2,"The setting itself is rich with detail. There's a brown desk visible, likely where the police officer works. A black lamp with a white bulb stands nearby, providing illumination to the scene. On the desk, we can see a brown bowl and a brown plate, which could be part of the evidence or simply part of the office decor."
test,154,5,4,2,0.1976,0.5669,CLIP=0.1976<0.2,"The artist has skillfully captured the chaos of the scene through the ship's movement and the surrounding water. The sea is depicted as dark and turbulent, with white crests of waves indicating rough waters. This creates a stark contrast with the ship and adds to the overall tension of the image."
test,157,5,4,2,0.1854,0.2806,CLIP=0.1854<0.2,"The desk is cluttered with various items, suggesting a busy work environment. There's a blue book visible on the desk, and a black lamp with a round base and a conical top, providing illumination for the workspace. A window in the background offers a glimpse of the outside world, where red buildings can be seen against a blue sky."
test,161,6,5,3,0.1527,0.4097,CLIP=0.1527<0.2,"The setting appears to be a backyard, with a white picket fence visible in the background. The ground is covered with grass, adding to the outdoor atmosphere."
test,162,8,7,2,0.1935,0.5591,CLIP=0.1935<0.2,Next to her is a man wearing a blue outfit with a cape. He has red boots and is also in flight or rapid movement. His posture suggests he's soaring through the air with great speed.
test,164,6,5,1,0.1854,0.3427,CLIP=0.1854<0.2,"In the foreground, we see two figures flying through the air. They appear to be a man and a woman, based on their clothing and postures. The man is wearing a white shirt and blue pants, while the woman is dressed in a red shirt and blue pants. They're both holding onto each other as they soar through the sky, clearly thrilled by their adventure."
test,165,5,3,2,0.1857,0.6928,CLIP=0.1857<0.2,"The middle panel focuses on a group of soldiers on the ground. They're dressed in various colored uniforms - red, yellow, and blue - creating a visually striking contrast. The soldiers are engaged in what seems to be a strategic discussion or rallying. One soldier in a yellow uniform is pointing upwards, possibly giving orders or highlighting a significant point. The text in this panel reads ""THE PLANES ARE OUT OF IT. COME ON, FINISH ON THE ENEMY!"""
test,165,5,3,3,0.1528,0.6928,CLIP=0.1528<0.2,"The bottom right panel shifts the perspective to a wider view of the battlefield. We can see the same group of soldiers from the middle panel, now positioned on a grassy area with a mountain in the background. The scene is chaotic, with smoke rising from the ground and enemy soldiers running away. A plane is visible in the sky, and the text here adds a dramatic twist to the narrative: ""FLW MY FLYING MACHINE GUNNED LOW, CAPTURED THE NAZIS. A DOSE OF YOUR OWN MEDICINE YOU RATS!"""
test,167,7,6,4,0.169,0.5632,CLIP=0.1690<0.2,"The background is predominantly dark, creating a stark contrast with the lighter areas around the ladder and the men. This technique effectively draws the viewer's attention to the central action and adds to the overall sense of danger and urgency."
test,170,6,5,0,0.2505,0.9147,SBERT=0.9147>0.85,"This panel is a vibrant and dynamic scene from a golden age American comic book, likely featuring the superhero Minute Man. The composition is action-packed, with several characters engaged in what appears to be a dramatic confrontation."
test,172,6,5,3,0.1872,0.5587,CLIP=0.1872<0.2,"The scene is rich with tension and drama. The man's aggressive posture contrasts sharply with the woman's defensive stance, creating a visual representation of conflict or crisis. The partially obscured third figure adds an element of mystery to the situation."
test,173,5,4,2,0.1679,0.5869,CLIP=0.1679<0.2,"The background of the panel showcases a picturesque landscape. There's a grassy area, a large rock formation, and a clear blue sky. A tree stands prominently in the foreground, adding depth to the scene."
test,174,5,4,1,0.1878,0.5103,CLIP=0.1878<0.2,"In the background, we can see a chaotic scene unfolding. Several men, also in red uniforms, are engaged in a physical altercation. One of them is throwing a chair, which is captured mid-air. Another man in a red uniform is being pushed by a figure in a blue uniform, creating a tense and violent atmosphere."
test,177,6,3,1,0.1219,0.6354,CLIP=0.1219<0.2,"In the foreground, we see a man seated at a grand piano. He's wearing a striking red jacket, which stands out against the yellow backdrop. His posture suggests he's deeply engaged in his music, with his hands positioned on the keys. The musician's face is partially obscured, adding an air of mystery to his character."
test,177,6,3,2,0.1438,0.6279,CLIP=0.1438<0.2,"The piano itself is a beautiful piece, rendered in rich brown tones. It features three rows of white and black keys, indicating it's a full-sized grand piano capable of producing a wide range of sounds. At the top of the piano, there's an open book, likely sheet music that the musician is following as he plays."
test,177,6,3,3,0.1918,0.6354,CLIP=0.1918<0.2,"Behind the pianist, we can see a musical staff with black notes floating above the piano. This visual element cleverly represents the music being played and adds to the overall musical theme of the panel."
test,179,5,3,1,0.184,0.4297,CLIP=0.1840<0.2,"Between them is a metal railing, adding to the nautical atmosphere. The dock extends out over the water, creating a sense of depth and location."
test,179,5,3,2,0.1851,0.3738,CLIP=0.1851<0.2,"In the background, we can see a body of water, likely an ocean or large lake. The horizon is visible, with a yellow sky above and some trees on the left side, suggesting a coastal setting."
test,180,6,5,2,0.1994,0.4458,CLIP=0.1994<0.2,"The room itself has yellow walls and a blue ceiling with a decorative border. A green-framed picture hangs on the wall, and a red carpet covers the floor. A window with a curtain is also visible in the background."
test,186,6,5,2,0.1704,0.3843,CLIP=0.1704<0.2,"The room itself is richly detailed. There's a green couch visible, along with a brown table that has a plant on it. The background features a white wall with a red curtain, adding depth and atmosphere to the scene."
test,188,7,6,4,0.1932,0.6195,CLIP=0.1932<0.2,"Two other men are visible in the scene. One is lying on the ground, seemingly injured or unconscious. The other man is standing nearby, observing the situation. Both of these men are wearing yellow shirts and blue pants, matching the attire of the running man."
test,194,5,3,1,0.1642,0.2787,CLIP=0.1642<0.2,"To the left, a woman in a yellow dress and black skirt is standing, looking concerned. She's holding a cigarette in her right hand, which adds to her 1940s or 1950s era appearance. Her expression suggests she's reacting to the situation unfolding before her."
test,194,5,3,2,0.1733,0.6565,CLIP=0.1733<0.2,"Behind the large man, we can see two other figures. One is a man in a pink suit with a white hat, who seems to be looking down at the central character. Next to him is another man wearing a blue suit and bow tie, also appearing to be focused on the large man on the ground."
test,195,7,6,2,0.1788,0.682,CLIP=0.1788<0.2,"Behind the spaceship, there's a striking blue mountain range, adding depth and atmosphere to the scene. The mountains have a surreal quality to them, with a hint of purple visible in their upper reaches, perhaps indicating an alien or otherworldly landscape."
test,200,6,4,1,0.1972,0.607,CLIP=0.1972<0.2,"In the foreground, we see a group of characters engaged in a tense situation. A police officer, dressed in a red uniform, is running towards the viewer. He's holding a flashlight in his left hand and has a determined expression on his face. The officer is shouting, ""AND SHE'S HURT! GIVE ME A HAND!"""
test,200,6,4,3,0.1763,0.5338,CLIP=0.1763<0.2,"The scene is set against a backdrop of mountains and a grassy field, adding to the dramatic atmosphere. There's also a pole visible in the background, which might be part of a streetlight or utility pole."
test,202,6,4,2,0.1481,0.528,CLIP=0.1481<0.2,"Inside the window, we can see the silhouette of another figure. This appears to be a villain, dressed in a black hat and coat, holding a gun. The contrast between the dark interior and the illuminated exterior creates a dramatic effect, emphasizing the confrontation between good and evil."
test,202,6,4,3,0.1312,0.5358,CLIP=0.1312<0.2,"The background showcases a dark, purplish-blue sky with silhouettes of buildings, enhancing the nighttime atmosphere. The rooftop itself is depicted in green, with a yellow window frame standing out against it."
test,206,7,6,3,0.1959,0.4995,CLIP=0.1959<0.2,"A shadowy figure looms in the background, adding an element of mystery and potential danger to the scene. This could be an enemy he's confronting or a representation of the perilous environment he's operating in."
test,211,5,4,2,0.1951,0.5256,CLIP=0.1951<0.2,"In the distance, we can see a cityscape with tall buildings and a bridge, indicating that the ship is approaching or sailing near an urban area. This adds depth to the scene and provides context for the ship's journey."
test,212,6,5,1,0.1968,0.5456,CLIP=0.1968<0.2,"In the foreground, we see an elderly man who appears to be a scientist or detective. He's bald with a white mustache and goatee, giving him a distinguished look. The man is wearing a blue shirt, which contrasts nicely with the pink background. He's also sporting a pair of glasses, adding to his intellectual appearance."
test,213,6,5,3,0.1871,0.4717,CLIP=0.1871<0.2,"The background showcases a beautiful blue sky and green hills, creating a striking contrast with the action in the foreground. This setting suggests the ship is in a coastal area or perhaps on the high seas."
test,214,6,5,2,0.1964,0.5023,CLIP=0.1964<0.2,"To her right stands a man dressed in a brown suit, complemented by a white shirt and a striped tie. His hands are casually tucked into his pockets, and he's leaning against a white trash can. The man's expression appears to be one of amusement or interest, as he's looking towards the woman."
test,217,9,8,4,0.1932,0.4486,CLIP=0.1932<0.2,"Behind the door, we can see a man peeking through the keyhole. He's dressed in a gray suit with a white shirt and has black hair. His expression is one of surprise or alarm, and he's holding a blue ball in his hand, mirroring the first woman's possession."
test,220,6,3,1,0.1786,0.7234,CLIP=0.1786<0.2,"In the foreground, we see two men engaged in a fierce fight. The man on the left is wearing a blue outfit consisting of a long-sleeved shirt, pants, and shoes. He's also sporting a blue baseball cap. His posture suggests he's just delivered a powerful kick to his opponent."
test,220,6,3,2,0.1609,0.7234,CLIP=0.1609<0.2,"The man on the right is dressed in a red shirt, white pants, and black boots. He's also wearing a black belt. His head is dramatically tilted back, and his eyes are closed, indicating he's been knocked off his feet by the force of the kick."
test,220,6,3,3,0.1677,0.7088,CLIP=0.1677<0.2,"Between the two combatants, there's a large red splatter with yellow edges. This is likely meant to represent the impact of the kick, adding visual emphasis to the action."
test,226,5,4,2,0.134,0.4436,CLIP=0.1340<0.2,"The scene is set against a backdrop of urban architecture. The gray building dominates the background, with a green wall visible to the right. A tree can be seen in the distance, adding a touch of nature to the cityscape."
test,232,7,6,4,0.1735,0.6119,CLIP=0.1735<0.2,"The fourth man, on the far right, is wearing a red trench coat and a brown fedora. He's holding a microphone, suggesting he might be a reporter or photographer documenting the scene."
test,233,6,5,2,0.1971,0.5008,CLIP=0.1971<0.2,"The woman, positioned on the right, has striking red hair and is dressed in a red dress. Her outfit complements the tropical setting and adds a pop of color to the scene. She's smiling warmly at the man, her expression inviting and friendly."
test,235,6,5,2,0.1998,0.4194,CLIP=0.1998<0.2,"The room itself is quite dark, with a black background that adds to the mysterious atmosphere. The gold door is particularly eye-catching, its metallic surface reflecting the limited light in the room."
test,236,5,3,1,0.1745,0.5162,CLIP=0.1745<0.2,"In the foreground, we see a silhouette of a person lying on a bed. The figure is facing away from the viewer, their head resting on a pillow. The bed is covered with a white sheet, and there's a small window visible above it, suggesting it's nighttime."
test,236,5,3,2,0.1962,0.5162,CLIP=0.1962<0.2,"To the right of the bed, there's a bookshelf filled with books and various objects. This detail adds to the lived-in feel of the room and might hint at the character's interests or profession."
test,238,7,5,1,0.1677,0.5051,CLIP=0.1677<0.2,"In front of him stands a shorter figure, likely a woman based on the silhouette. She has short blonde hair and is wearing a red dress, creating a striking contrast against the dark background."
test,238,7,5,2,0.1981,0.4315,CLIP=0.1981<0.2,"The setting appears to be at night, with a starry sky visible in the upper left corner. The background is predominantly black, which adds to the tense atmosphere of the scene."
test,241,6,5,4,0.1862,0.4404,CLIP=0.1862<0.2,"The setting is completed by a blue sky and some trees in the background, giving the scene a pleasant, suburban feel."
test,243,7,5,1,0.1664,0.4998,CLIP=0.1664<0.2,"In the foreground, we see a woman with long, curly brown hair. She's wearing a blue vest over a white shirt and orange gloves. The woman is holding a brown pot in her hands and appears to be leaning over a man lying on the ground."
test,243,7,5,2,0.1904,0.3041,CLIP=0.1904<0.2,The man on the ground has gray skin and is looking upward. His expression suggests he might be in distress or recovery.
test,244,6,5,2,0.1824,0.59,CLIP=0.1824<0.2,"The background shows a blue sky, suggesting the scene is taking place outdoors, possibly on the deck of the ship."
test,247,6,5,1,0.1991,0.4435,CLIP=0.1991<0.2,"In the foreground, two men are the central figures. One is dressed in a brown suit and hat, carrying another man over his shoulder. The man being carried is shirtless, wearing blue pants and black shoes, with his hair tied back in a bun. His posture suggests he's unconscious or possibly dead."
test,248,8,7,4,0.194,0.5186,CLIP=0.1940<0.2,"The background includes architectural elements typical of train stations or buildings from that time period, such as a large window or doorway. There's also a speaker visible, suggesting this might be a communication hub or important checkpoint."
test,251,9,6,4,0.1979,0.5639,CLIP=0.1979<0.2,"The younger man is exclaiming, ""Quick, Uncle Fred... Let me have them!"""
test,251,9,6,5,0.1667,0.7184,CLIP=0.1667<0.2,"Uncle Fred, presumably the older man with the binoculars, responds, ""In fact, I can almost count the stitches on the baseball with these glasses!"""
test,251,9,6,7,0.1997,0.4933,CLIP=0.1997<0.2,"In the background, we can see the silhouettes of other people, adding to the sense that this scene is taking place in a public space, possibly at a baseball game."
test,252,7,5,1,0.1736,0.5135,CLIP=0.1736<0.2,"The man is pointing towards a large orange statue that resembles a Buddha or similar Eastern deity. This statue is positioned on a green platform, accessible by a set of green and yellow stairs."
test,252,7,5,3,0.1517,0.2761,CLIP=0.1517<0.2,"The environment is richly detailed, with a red carpet on the floor and a blue wall in the background. There's also a window visible, through which we can see a blue sky."
test,256,7,6,3,0.181,0.4485,CLIP=0.1810<0.2,"The setting seems to be some kind of industrial or factory environment. There's a yellow wall visible in the background, and the floor appears to be covered in a red and black substance, possibly representing a hazardous material or work surface."
test,258,5,4,2,0.1404,0.4565,CLIP=0.1404<0.2,"Behind the man, there's a large green tree, adding depth to the scene and providing a contrast to the brown cliff. The background is a light blue sky, suggesting a clear day."
test,269,5,3,1,0.1903,0.5217,CLIP=0.1903<0.2,"The duo appears to be in hot pursuit of a yellow car, which is speeding away from them. This creates a dynamic sense of urgency and excitement in the scene. Below the flying heroes, we can see a glimpse of the ground, with trees visible, emphasizing their high altitude."
test,269,5,3,2,0.1808,0.393,CLIP=0.1808<0.2,"In the background, there's a building with a broken window, adding to the urban setting and the atmosphere of crime-fighting. The night sky serves as a dramatic backdrop, enhancing the overall mood of the scene."
test,270,6,5,2,0.1965,0.6181,CLIP=0.1965<0.2,"Standing next to him is another man, dressed in a purple suit with a yellow shirt and tie. He's wearing a gray hat with a black band, giving him a somewhat mysterious appearance. This man is holding a red bag in his left hand, while his right hand is raised, possibly gesturing or preparing to take action."
test,271,7,6,5,0.1977,0.5487,CLIP=0.1977<0.2,"The scene captures a moment of everyday life, with one character seemingly helping or observing another who's in the middle of cleaning. The presence of multiple cleaning tools and the staircase suggests this might be a shared living space or a family home."
test,272,5,4,1,0.1826,0.3791,CLIP=0.1826<0.2,"The man's posture is relaxed yet commanding. His left hand is casually placed in his pocket, while his right hand rests on his hip. This stance, combined with his facial expression, suggests he's in the middle of delivering an important statement or monologue."
test,277,5,4,1,0.1281,0.4566,CLIP=0.1281<0.2,"The composition is set against a backdrop of a deep blue sea, with the horizon line clearly visible. In the distance, another ship can be spotted, adding depth to the maritime setting. The sky above is a lighter shade of blue, creating a striking contrast with the darker tones of the ships and water."
test,278,7,5,1,0.1377,0.729,CLIP=0.1377<0.2,"In the foreground, we see a baby with blonde hair wearing only a diaper. The infant is wielding a bow and arrow with surprising skill, having already struck its target. The baby's aim has been particularly effective, as evidenced by the numerous arrows embedded in a wooden post in front of the target."
test,278,7,5,4,0.1863,0.5063,CLIP=0.1863<0.2,"The background features a blue sky with a tree on the left side, providing a simple, colorful backdrop to the main action. The stone wall in the foreground adds depth to the scene and helps frame the humorous incident."
test,281,7,6,1,0.1794,0.6098,CLIP=0.1794<0.2,"The central figure is a blonde man wearing a yellow jacket and blue pants. He's standing with his hands clasped behind his back, looking downward in a posture of contemplation or concern."
test,282,6,5,3,0.1393,0.4088,CLIP=0.1393<0.2,"The background of the scene is set outdoors. There's a wooden fence visible behind the central figures, and beyond that, we can see trees and a blue sky, creating a sense of depth and open space."
test,285,6,5,3,0.1518,0.3326,CLIP=0.1518<0.2,"The setting seems to be outdoors, with a blue sky and some palm trees visible, suggesting a location like Hawaii or a similar tropical paradise."
test,287,6,5,3,0.1743,0.4702,CLIP=0.1743<0.2,"The setting is a desert environment, with sandy terrain stretching out beneath the characters. The sky above is a deep, dark color, which could indicate either a nighttime scene or an ominous atmosphere that forebodes impending danger."
test,288,8,7,4,0.1672,0.3656,CLIP=0.1672<0.2,"In the background, there are some trees visible, adding depth to the scene and suggesting a rural or suburban location."
test,289,4,3,2,0.1687,0.5383,CLIP=0.1687<0.2,"Behind him, two palm trees frame the scene, emphasizing the exotic location. The background is dark, creating a sense of mystery and danger that's characteristic of jungle adventures."
test,303,6,5,1,0.1978,0.6003,CLIP=0.1978<0.2,"The illustration features three men engaged in a tense conversation. On the left, we see a man with short, curly blonde hair wearing a white shirt and black tie. He appears to be the focus of the dialogue, as his speech bubble is prominently displayed."
test,304,7,6,3,0.1591,0.5429,CLIP=0.1591<0.2,"The background shows part of an airplane, with visible rivets and a blue sky. There's a green grassy area in the foreground, suggesting the scene is taking place on a runway or near an airport."
test,306,6,5,1,0.178,0.3466,CLIP=0.1780<0.2,"Inside the car, we can see two characters. One is clearly visible, wearing a white shirt and black pants, and is seated in the driver's seat. The other character is partially obscured, but we can see their legs hanging out of the car, suggesting they're in the back seat."
test,307,6,5,1,0.1878,0.5664,CLIP=0.1878<0.2,"In the foreground, we see two men in suits conversing. One is wearing a blue suit, while the other is in red. They appear to be discussing something important, as evidenced by their body language and facial expressions."
test,313,6,5,1,0.1989,0.5793,CLIP=0.1989<0.2,"In the foreground, we see a green car that has just exploded. The force of the blast is evident from the black lines radiating outward from the center of the vehicle, creating a sense of motion and destruction. The explosion has caused the car to break apart, with fragments flying in all directions."
test,318,7,6,3,0.178,0.4594,CLIP=0.1780<0.2,"The stage itself is quite detailed. There's a red curtain visible, likely for dramatic entrances or exits. The floor of the stage is brown, and there's a green wall behind it, adding depth to the scene."
test,320,7,6,1,0.181,0.7286,CLIP=0.1810<0.2,"The main figure is a superhero known as ""The Wizard."" He's a striking character, dressed in a blue bodysuit with a red cape flowing behind him. What's particularly notable is his blindfold, which adds an intriguing element to his character. In his right hand, he's wielding a sword, ready for action."
test,323,7,5,1,0.1737,0.5049,CLIP=0.1737<0.2,"In the foreground, we see a green van parked on the left side of the panel. A man is standing next to the van, seemingly surveying the area. The house in the background has a brown exterior with a red door and three windows, creating a typical suburban setting."
test,323,7,5,2,0.1481,0.3953,CLIP=0.1481<0.2,"The scene is framed by trees on both sides, adding depth and context to the environment. The sky is a clear blue, suggesting a peaceful day that contrasts sharply with the impending crime."
test,324,7,5,2,0.1564,0.7497,CLIP=0.1564<0.2,"The setting appears to be a cozy living room. To the left, there's a fireplace with a mantle adorned with a lamp and a vase of flowers, adding a touch of domesticity to the scene. The floor is covered with a red carpet, and the walls are painted a warm yellow, creating an interesting contrast with the superhero's green attire."
test,324,7,5,5,0.1486,0.5441,CLIP=0.1486<0.2,The artist has skillfully used lighting and composition to create a sense of depth and intrigue. The interplay between the brightly lit doorway and the darker interior spaces adds to the dramatic tension of the scene.
test,325,11,8,2,0.1952,0.5567,CLIP=0.1952<0.2,"Standing opposite him is a second man, bald and dressed in a green suit with a red tie. He's leaning against a window, which is covered by red curtains. This man seems to be the focus of the seated man's attention."
test,325,11,8,5,0.1745,0.4374,CLIP=0.1745<0.2,"- A window with red curtains, through which we can see a blue sky"
test,325,11,8,6,0.1761,0.4899,CLIP=0.1761<0.2,"- Two paintings hanging on the wall, adding to the room's decor"
test,328,7,6,2,0.1827,0.4583,CLIP=0.1827<0.2,"To her right, a man in a blue suit is holding a blonde woman in a red dress. The man appears to be threatening the woman, who looks frightened and is bending over. This creates a sense of danger and urgency in the scene."
test,330,6,5,3,0.1703,0.4628,CLIP=0.1703<0.2,"The setting is a dense woodland, with tall trees lining the road. The trees are rendered in various shades of green, creating a lush, vibrant backdrop. The sky above is dark, which adds to the dramatic atmosphere of the scene."
test,331,11,3,0,0.2321,0.8806,SBERT=0.8806>0.85,This panel from a golden age American comic book depicts a lively scene with several characters and objects. The central focus is on a group of children watching a marionette show.
test,331,11,3,1,0.1951,0.4302,CLIP=0.1951<0.2,"In the foreground, we see four children seated in a row. From left to right:"
test,331,11,3,2,0.2402,0.8508,SBERT=0.8508>0.85,1. A blonde girl wearing a green dress
test,331,11,3,3,0.1919,0.6336,CLIP=0.1919<0.2,2. A red-haired girl in a blue dress
test,331,11,3,4,0.2262,0.8508,SBERT=0.8508>0.85,3. Another blonde girl in a light green dress
test,331,11,3,5,0.1865,0.3855,CLIP=0.1865<0.2,4. A boy with black hair wearing a red jacket
test,331,11,3,6,0.1811,0.6352,CLIP=0.1811<0.2,"The children appear to be engrossed in the performance, with their attention fixed on the marionette stage."
test,331,11,3,10,0.2397,0.8806,SBERT=0.8806>0.85,"The overall composition of the panel creates a sense of excitement and entertainment, capturing a moment of childhood joy and wonder as the children watch the marionette show. The golden age of American comics often featured stories and themes related to youth and entertainment, which is well-represented in this panel."
test,336,6,5,4,0.1803,0.5931,CLIP=0.1803<0.2,"There are two more men present, one in a black shirt and pants, and another in a red shirt and pants. Their roles in the scene are not as clear, but they appear to be part of the group surrounding Irene."
test,340,6,5,3,0.1715,0.3707,CLIP=0.1715<0.2,"The setting adds to the drama of the scene. They appear to be running across a green landscape, possibly a field or meadow. In the background, there's a large, rocky cliff face with a mix of gray and red tones, creating a sense of rugged terrain. The sky above is a deep black, which could indicate either a nighttime scene or a dramatic sky."
test,347,6,5,2,0.1795,0.4342,CLIP=0.1795<0.2,"The car itself is in a precarious situation. It appears to be in the middle of a crash or collision, with the front end crumpled and the hood bent. This damage suggests a high-speed accident or collision with an unseen obstacle."
test,352,7,6,1,0.1515,0.4861,CLIP=0.1515<0.2,"The central focus of the image is a dramatic fire scene, with bright yellow flames and red embers creating an intense atmosphere. Within the fire, we can see three silhouetted figures dancing, their forms elongated and ghostly. These are likely the voodoo dancers mentioned in the text, performing a ritualistic dance around the flames."
test,353,8,7,2,0.1875,0.5004,CLIP=0.1875<0.2,"To the left of the group, there's a black car parked on the street. Behind it, a red car with a white stripe can be seen, adding to the period-appropriate vehicles of the golden age."
test,354,7,6,2,0.178,0.5696,CLIP=0.1780<0.2,"Behind the woman, there's a mirror on the wall. In the mirror's reflection, we can see a window with two pieces of paper falling out of it. This detail adds depth to the scene and might be symbolic of the chaos unfolding."
test,364,7,5,3,0.1639,0.5883,CLIP=0.1639<0.2,"The background is dominated by two buildings. On the right, there's a yellow building with a window, likely representing a residential or commercial structure in the city. Behind it, a blue building with a window can be seen, further establishing the urban landscape."
test,364,7,5,4,0.1974,0.314,CLIP=0.1974<0.2,"The night sky is depicted in black, with a few stars twinkling, enhancing the nocturnal ambiance of the scene."
test,366,7,6,3,0.1673,0.2967,CLIP=0.1673<0.2,"In the background, a tall tree with a brown trunk and green foliage provides a touch of vegetation to the otherwise arid environment. The sky above is a clear blue, dotted with white clouds, suggesting a bright, sunny day."
test,368,6,5,2,0.1782,0.4622,CLIP=0.1782<0.2,"The background features a clear blue sky, creating a stark contrast with the dark silhouettes of trees below. This composition adds to the tension of the scene, emphasizing the height of the plane and the potential danger of the escape."
test,375,7,6,1,0.1663,0.5354,CLIP=0.1663<0.2,"The silhouetted figure is holding the door open with one hand, while the other hand is raised, possibly in greeting or exploration. This posture adds to the sense of anticipation and curiosity about what lies beyond the threshold."
test,380,6,4,1,0.1891,0.5265,CLIP=0.1891<0.2,"On the left side of the panel stands a man with a distinctive appearance. He's wearing a pink suit jacket over a black vest and white shirt, complemented by a yellow scarf around his neck. In his right hand, he's holding a cigarette, adding to his sophisticated air. His left hand is tucked into his pocket, giving him a casual yet confident stance. The man has short brown hair and is looking towards his companion with an air of authority."
test,380,6,4,4,0.1865,0.5462,CLIP=0.1865<0.2,"In the background, we can see the silhouettes of other figures, hinting at a larger group or organization present in this cellar. This adds to the sense of intrigue and potential conflict."
test,384,7,5,1,0.1839,0.6805,CLIP=0.1839<0.2,"In the foreground, we see the silhouette of a lone figure. This mysterious character is standing with their back to the viewer, arms crossed behind their head. The posture suggests a sense of contemplation or perhaps defiance. The figure's outline is rendered in deep black, making them stand out prominently against the lighter background."
test,384,7,5,3,0.199,0.428,CLIP=0.1990<0.2,"Flanking the alley are two buildings, their facades visible on either side of the central figure. These structures contribute to the claustrophobic feel of the environment, as if the character is trapped between two looming forces."
test,388,7,6,1,0.1677,0.4754,CLIP=0.1677<0.2,"The woman in the black dress is facing away from the viewer, her back turned to us. She seems to be engaged in conversation with the other two characters. The woman in the red dress is facing the viewer, her body language suggesting confidence and perhaps a bit of flirtation. She's leaning against a bar or table, with one hand on her hip and the other raised to her head, as if she's making a point or asking a question."
test,389,6,4,1,0.1342,0.6428,CLIP=0.1342<0.2,"The plane is shown with a distinctive red top and white bottom, flying low over a green field. Its shadow is visible on the ground, emphasizing its low altitude and the urgency of its landing attempt."
test,389,6,4,3,0.1372,0.6428,CLIP=0.1372<0.2,"The background features a cityscape with purple buildings, creating a stark contrast with the green field and the plane's red and white coloration. This urban setting suggests the plane may have been engaged in some sort of aerial operation or emergency landing in a populated area."
test,391,7,6,3,0.1867,0.3934,CLIP=0.1867<0.2,"The setting is atmospheric, with shadows playing across the scene to create a sense of danger and mystery. There might be old furniture or debris scattered about, adding to the sense of abandonment or decay."
test,398,5,4,2,0.178,0.3751,CLIP=0.1780<0.2,"The setting is outdoors, with a blue sky visible above and green trees in the background. The ground is depicted in yellow, possibly representing a dirt or grassy area."
test,399,6,4,3,0.1114,0.4342,CLIP=0.1114<0.2,"The sky is a light blue color, dotted with a few clouds, creating a pleasant daytime atmosphere. Some trees are visible in the background, further emphasizing the suburban setting."
test,399,6,4,4,0.1769,0.4427,CLIP=0.1769<0.2,"The young man is walking on a green lawn, with a black sidewalk running parallel to it. This detail adds depth to the scene and helps to ground the character in his environment."
test,411,14,13,3,0.1889,0.5095,CLIP=0.1889<0.2,- She's wearing a white shirt and blue pants
test,412,5,4,1,0.1433,0.5692,CLIP=0.1433<0.2,"In the foreground, we see a close-up of a hand holding a letter. The hand is drawn with careful detail, showing the lines and creases of the skin. The letter itself is on yellowed paper, giving it an authentic aged look. The cursive handwriting is elegant and flowing, adding to the vintage feel of the piece."
test,414,7,6,5,0.165,0.5519,CLIP=0.1650<0.2,"The composition is dynamic, with figures positioned at various angles, creating a sense of movement and urgency. The artist's easel is a focal point, with a yellow stool in front of it, grounding the scene in the act of creation."
test,416,6,4,2,0.1608,0.6325,CLIP=0.1608<0.2,"The most striking element of the scene is the woman driving the Jeep. She's positioned centrally in the frame, her figure silhouetted against the moonlight. The Jeep itself is a classic open-top model, typical of the era's military vehicles."
test,416,6,4,3,0.1955,0.453,CLIP=0.1955<0.2,"In the distance, we can see the silhouette of another vehicle, suggesting the woman isn't alone on her journey."
test,417,7,5,1,0.1884,0.6486,CLIP=0.1884<0.2,"In the foreground, we see two men on the ground. One is wearing a red vest over a white shirt, paired with blue pants. He's kneeling and seems to be in the process of climbing up. Next to him is another man dressed in a black shirt and blue pants, also on the ground."
test,417,7,5,4,0.1874,0.3639,CLIP=0.1874<0.2,"The setting includes a green fence in the background, suggesting a farm or rural area. There's also a tree visible, adding to the outdoor atmosphere."
test,420,5,3,1,0.1814,0.7281,CLIP=0.1814<0.2,"The setting is intense, with a large fire visible in the background. Bright yellow flames and red embers dominate the scene, creating a sense of danger and urgency. The ground beneath the figures is a mix of green and yellow, possibly representing a field or open area."
test,420,5,3,2,0.151,0.7281,CLIP=0.1510<0.2,"The composition is dynamic, with the figures positioned in the foreground and the fire creating a stark contrast in the background. This juxtaposition of calm silhouettes against the chaos of the fire adds to the tension of the scene."
test,421,6,5,1,0.1437,0.4195,CLIP=0.1437<0.2,"In the background, we can see a distant mountain range, adding to the exotic and adventurous atmosphere of the setting. The sky is rendered in warm, golden hues, suggesting either a sunrise or sunset, which bathes the entire scene in a soft, ethereal light."
test,422,8,7,3,0.1846,0.3888,CLIP=0.1846<0.2,"2. A young boy with red hair and glasses, dressed in a blue sweater with a white collar and black pants. He's seated on a red bench, looking up at the man with a concerned expression."
test,424,6,5,2,0.1772,0.4688,CLIP=0.1772<0.2,"In the foreground, there's a mysterious golden object on the ground. It's difficult to determine exactly what it is, but it could be a valuable artifact or a crucial piece of equipment for the woman's mission."
test,425,7,6,3,0.1737,0.601,CLIP=0.1737<0.2,"In the foreground, we see a large brown cliff or rock formation. This natural element provides a sense of scale and adds to the dramatic atmosphere of the scene."
test,426,5,4,2,0.1915,0.35,CLIP=0.1915<0.2,"The setting is a green field with tall grass, giving it a rural or outdoor feel. The background is simple, typical of the art style from that era."
test,429,6,5,2,0.1936,0.4986,CLIP=0.1936<0.2,"To the right, a red car is parked on the street. Next to it stands a street lamp, adding to the urban atmosphere. Two men are exiting the car, their body language tense and purposeful. One is wearing a brown suit, while the other is dressed in green. They're both wearing hats, which was common for men's fashion of the time and could also indicate they're involved in some kind of criminal activity."
test,430,6,5,1,0.183,0.5363,CLIP=0.1830<0.2,"Above the man, three airplanes are flying in formation. These aircraft appear to be military planes, likely fighter jets or bombers from the World War II era. They're flying from right to left across the panel, creating a sense of movement and urgency."
test,433,6,2,1,0.1458,0.4254,CLIP=0.1458<0.2,"In the foreground, we see a group of people in various states of distress. There's a man with a surprised expression, his hand raised in the air. Next to him stands a woman with long black hair, also looking shocked. Behind them is another woman wearing a distinctive helmet with horns, adding a touch of fantasy or mythological elements to the scene."
test,433,6,2,2,0.1603,0.3993,CLIP=0.1603<0.2,"The background is dominated by a dramatic sky filled with clouds, enhancing the overall sense of tension and movement."
test,433,6,2,3,0.1569,0.3976,CLIP=0.1569<0.2,"The scene is populated by several horses, which appear to be in motion, possibly running or galloping. This adds to the dynamic nature of the composition and suggests some kind of chase or escape is taking place."
test,433,6,2,4,0.1924,0.4254,CLIP=0.1924<0.2,"Interestingly, there's a man hanging from a fence, which adds an element of danger and urgency to the scene. This could be a character in peril or someone trying to escape from something or someone."
test,434,6,5,1,0.1997,0.3828,CLIP=0.1997<0.2,"The setting is inside a green vehicle, with a purple sky visible through the windows, suggesting a nighttime scene or perhaps a magical or otherworldly location."
test,435,7,6,3,0.1548,0.5054,CLIP=0.1548<0.2,"The setting is a shallow grave, with visible dirt and a partially dug hole. The background shows a blue sky with white clouds, indicating it's daytime."
test,436,6,5,3,0.193,0.6338,CLIP=0.1930<0.2,"The background is predominantly black, which creates a stark contrast with the character and the paper he's holding. This dark backdrop is punctuated by a red, jagged line behind the man's head, adding a sense of drama and intensity to the scene."
test,440,7,6,3,0.1994,0.3565,CLIP=0.1994<0.2,"The background is simple but effective, with a white floor and a brown wall. There's also a brown barrel visible, adding to the setting's atmosphere."
test,441,4,3,2,0.1928,0.6059,CLIP=0.1928<0.2,"The ocean surrounding the ship is a deep blue, providing a stark contrast to the intense action on the deck. The artist has skillfully captured the movement and energy of the battle through dynamic lines and shading."
test,443,6,5,1,0.1872,0.6779,CLIP=0.1872<0.2,"The man on the left is particularly striking, with his blonde hair and bare chest. He's wearing blue boots and what looks like animal print shorts, giving him a rugged, outdoorsy appearance. His muscular build is prominently displayed as he reaches upwards."
test,448,6,5,3,0.1968,0.523,CLIP=0.1968<0.2,"To the left, we see a group of men in gray suits. They appear to be listening intently to the conversation, their expressions serious and focused. Their attire and demeanor suggest they might be law enforcement officers or military personnel."
test,451,7,6,3,0.1856,0.5444,CLIP=0.1856<0.2,"The background of the panel is rich with detail. There's a wooden railing visible, which might be part of a staircase or balcony. This architectural element adds depth to the scene and suggests a multi-level structure to the setting."
test,456,9,6,3,0.1804,0.3303,CLIP=0.1804<0.2,"The setting appears to be outdoors, with a blue sky visible in the background. There are several notable elements in the distance:"
test,456,9,6,5,0.1899,0.5208,CLIP=0.1899<0.2,"2. A few tents, suggesting a temporary military encampment"
test,456,9,6,6,0.1973,0.5208,CLIP=0.1973<0.2,"3. A building with smoke rising from it, which could be a barracks, mess hall, or other military structure"
test,459,6,5,1,0.1759,0.4678,CLIP=0.1759<0.2,"In the foreground, we see an older man with a white beard and mustache, dressed in a gray robe. He's seated on the floor, his hands resting on his knees. His posture and expression suggest he's in a state of distress or submission."
test,460,5,4,1,0.1874,0.4441,CLIP=0.1874<0.2,"The blue car in the background has a white wall tire and a black bumper. Inside the car, we can see a man in a red shirt with his head thrown back, wearing a brown hat. His hat has fallen off and is lying on the ground nearby."
test,461,6,5,3,0.1729,0.4794,CLIP=0.1729<0.2,"The background of the panel features a large, yellow moon, which adds a whimsical and romantic atmosphere to the scene. The night sky is dotted with stars, further enhancing the dreamy quality of the illustration."
test,464,8,7,4,0.1894,0.5449,CLIP=0.1894<0.2,"The background is dominated by a large brown table, around which two figures are seated. One of these seated characters is wearing a green shirt, creating a contrast with the earthy tones of the rest of the scene."
test,465,6,5,3,0.189,0.562,CLIP=0.1890<0.2,"In the background, a painting hangs on the green wall, adding to the domestic setting. A red rug on the yellow floor provides a pop of color and helps define the space."
test,466,8,7,1,0.1896,0.5895,CLIP=0.1896<0.2,"The central figure is a superhero, likely the Flash, based on his distinctive costume. He's wearing a red and white suit with a blue belt featuring a white ""M"" emblem. His mask is pulled down to his chin, revealing his determined expression. The Flash is in a dynamic pose, with one hand on his forehead in a gesture of deep thought or concern."
test,468,5,4,1,0.2,0.5093,CLIP=0.2000<0.2,"To the left of the main action, there's a group of four men standing together. They're all wearing gray suits and seem to be observing the scene unfolding before them with interest or concern."
test,469,7,6,4,0.1953,0.442,CLIP=0.1953<0.2,"The floor is white, and we can see the shadows of the two characters, which adds depth to the illustration."
test,470,6,4,1,0.1989,0.4338,CLIP=0.1989<0.2,"In the foreground, we see two main characters engaged in conversation. One is a man with blonde hair, dressed in a blue suit and carrying a red suitcase. He seems to be the focus of the action. The other character is an older man with white hair, wearing a blue suit and sitting on a white bench. He's asking the blonde-haired man a question, his speech bubble clearly visible."
test,470,6,4,2,0.1886,0.4838,CLIP=0.1886<0.2,"The setting is rich with detail. There's a white staircase visible, leading to an upper level where we can see more people. The background is bustling with activity, suggesting a busy travel hub."
test,473,6,5,2,0.1904,0.544,CLIP=0.1904<0.2,"The background is dominated by a series of gray mountains, creating a sense of vastness and isolation. The sky above is rendered in a striking turquoise color, which adds to the otherworldly atmosphere of the scene. This unusual color choice might indicate that the story is set in a science fiction or fantasy setting, or it could be an artistic decision to create a visually striking panel."
test,476,5,4,1,0.1995,0.567,CLIP=0.1995<0.2,"The hero is positioned in the foreground, facing away from the viewer. He appears to be in the midst of an intense moment, looking down at something on the ground. In front of him, there's a small fire or flame, which could be the result of his actions or part of the environment."
test,477,5,4,0,0.2536,0.8534,SBERT=0.8534>0.85,"This panel depicts an intense confrontation between two silhouetted figures against a blue background, characteristic of Golden Age American comics. The scene is dynamic and action-packed, capturing a moment of high tension."
test,478,7,5,2,0.1879,0.5136,CLIP=0.1879<0.2,"The young man is holding a green flag, which could be a symbol of his gang or a specific cause he's associated with. His posture and the way he's holding the flag suggest he might be in the middle of some sort of confrontation or display of dominance."
test,478,7,5,4,0.1985,0.4782,CLIP=0.1985<0.2,"The setting itself is rich with detail. There's a yellow building visible, which could be a shop or residential structure. A window with a red sill adds a pop of color to the scene. The ground is depicted in a reddish-brown hue, possibly representing a brick or stone walkway."
test,484,7,6,3,0.1985,0.5104,CLIP=0.1985<0.2,"In the background, we can see a green building, providing a sense of location and grounding the action in a recognizable setting. The yellow sky adds to the dramatic effect, perhaps suggesting a sunset or sunrise that adds to the overall mood of the scene."
test,486,5,4,1,0.1775,0.6388,CLIP=0.1775<0.2,"The superhero's costume is detailed, featuring her recognizable crown with spikes and a blue sash around her waist. Her expression is resolute, suggesting she's facing a significant challenge."
test,487,6,5,3,0.1971,0.5622,CLIP=0.1971<0.2,"The scene is further intensified by the presence of smoke in the background, suggesting a recent explosion or ongoing conflict. This adds to the sense of urgency and danger in the image."
test,490,6,5,3,0.1969,0.4014,CLIP=0.1969<0.2,"The room itself has some interesting details. There's a brown curtain visible, and on the wall, you can see a picture frame with a brown border. The floor is covered with a white carpet, adding to the domestic setting."
test,491,6,4,3,0.1862,0.3369,CLIP=0.1862<0.2,"To the left of the scene, there's a camera visible, suggesting that some kind of recording or filming might be taking place."
test,491,6,4,4,0.1986,0.3181,CLIP=0.1986<0.2,"The background includes a brown table, adding to the domestic atmosphere of the setting."
test,494,6,5,2,0.1629,0.6792,CLIP=0.1629<0.2,"The most striking element of the scene is the menacing green vine that's creeping up the side of the building. This isn't just any vine - it's a monstrous, Devil's Vine that's slowly but surely taking over the urban landscape. The vine is shown in the act of climbing, its tendrils reaching higher and higher up the building's facade."
test,495,6,4,1,0.1986,0.6309,CLIP=0.1986<0.2,"The foreground features a man with dark hair, wearing a blue uniform with a yellow shirt visible underneath. He's holding a piece of paper in his right hand, which appears to have blood on it. This detail adds a sense of urgency and danger to the scene."
test,495,6,4,2,0.1734,0.6309,CLIP=0.1734<0.2,"Behind him stands another man with blonde hair, also dressed in a similar blue uniform. Both characters are shown in profile, facing left, which creates a sense of movement and progression in the narrative."
test,499,7,6,3,0.1932,0.4131,CLIP=0.1932<0.2,"The background showcases a typical cityscape of the era. There's a green building visible, featuring a sign with the letters ""EEE"" and another that reads ""Chow."" This suggests the presence of a restaurant or food establishment."
